tag-table,tag
Default tag table,209210CS22DetArrived
Default tag table,209220CS22DetArrived
Default tag table,BlokkeringFotocel
Drives Inputs,I15101.1
Drives Inputs,I17000.4
Drives Inputs,I17000.6
Drives Inputs,I17000.5
Drives Inputs,209220CHB21M14SG2
Drives Inputs,I16101.7
Drives Inputs,209210CHB21M14SG9
Drives Inputs,I15101.5
Drives Inputs,I17076.7
Drives Inputs,209230CR22M1SG9
Drives Inputs,I17001.0
Drives Inputs,I16100.5
Drives Inputs,I17001.1
Drives Inputs,I16101.6
Drives Inputs,I16100.0
Drives Inputs,I17050.4
Drives Inputs,I16100.1
Drives Inputs,I17026.7
Drives Inputs,I17001.4
Drives Inputs,I16101.1
Drives Inputs,I17075.1
Drives Inputs,I17001.5
Drives Inputs,209230CA21M4SG10
Drives Inputs,I17076.1
Drives Inputs,209230CHB22M14SG1
Drives Inputs,209230CA21M4SG3
Drives Inputs,I17075.5
Drives Inputs,I17025.1
Drives Inputs,209230CHB21M14SG1
Drives Inputs,209230CA21M4SG5
Drives Inputs,209210CHB21M14SG2
Drives Inputs,I15100.3
Drives Inputs,I15101.6
Drives Inputs,I15100.0
Drives Inputs,I15100.7
Drives Inputs,I15100.1
Drives Inputs,209220CHB21M14SG9
Drives Inputs,I16101.5
Drives Inputs,I16100.2
Drives Inputs,I15101.3
Drives Inputs,I17000.0
Drives Inputs,I17000.1
Drives Inputs,I16100.6
Drives Inputs,209230CHB22M14SG9
Drives Inputs,I15101.7
Drives Inputs,209230CA21M4SG1
Drives Inputs,209230CHB21M14SG9
Drives Inputs,I17075.7
Drives Inputs,209230CA21M4SG9
Drives Inputs,I17050.0
Drives Inputs,I17076.6
Drives Inputs,209230CA21M4SG2
Drives Inputs,I17076.3
Drives Inputs,I15100.2
Drives Inputs,I15100.6
Drives Inputs,I17050.2
Drives Inputs,I17075.2
Drives Inputs,I17050.6
Drives Inputs,I17050.5
Drives Inputs,I17025.3
Drives Inputs,I17075.4
Drives Inputs,I17075.6
Drives Inputs,I17051.1
Drives Inputs,I17025.7
Drives Inputs,209230CR22M1SG1
Drives Inputs,209230CR22M1SG8V
Drives Inputs,I17051.5
Drives Inputs,I17026.3
Drives Inputs,I17001.2
Drives Inputs,I17000.3
Drives Inputs,I17076.5
Drives Inputs,I17001.6
Drives Inputs,I16100.3
Drives Inputs,I17000.7
Drives Inputs,I16100.4
Drives Inputs,I17050.3
Drives Inputs,I17026.5
Drives Inputs,209230CA21M4SG4
Drives Inputs,I16100.7
Drives Inputs,I17001.3
Drives Inputs,209220CHB21M14SG1
Drives Inputs,I17050.7
Drives Inputs,I17050.1
Drives Inputs,I17025.6
Drives Inputs,I16101.3
Drives Inputs,I17075.3
Drives Inputs,I17025.5
Drives Inputs,I17001.7
Drives Inputs,I17075.0
Drives Inputs,I17051.3
Drives Inputs,I17026.1
Drives Inputs,I17051.7
Drives Inputs,I15100.4
Drives Inputs,I15100.5
Drives Inputs,I17000.2
Drives Inputs,209210CHB21M14SG1
Drives Safety Inputs,209000AK03M1-UE130_PSC-1FB
Drives Safety Inputs,209000AK03M1-UE133_PSC-1FB
Drives Safety Inputs,209000AK04M1-UE143_PSC-1FB
Drives Safety Inputs,209000AK03M4-UE131_PSC-1FB
Drives Safety Inputs,209000AK04M4-UE141_PSC-1FB
Drives Safety Inputs,209000AK04M1-UE140_PSC-1FB
Drives Safety Outputs,209000AK04M4-UE141_DO2-P
Drives Safety Outputs,209000AK03M4-UE131_DMC-ccw
Drives Safety Outputs,209000AK04M4-UE141_EStopExternal
Drives Safety Outputs,209230CHB22M14-UE152_STO
Drives Safety Outputs,209000AK03M1-UE130_Lock
Drives Safety Outputs,209000AK04M1-UE143_Reset
Drives Safety Outputs,209000AK04M1-UE143_DMC-ccw
Drives Safety Outputs,209000AK03M1-UE130_Running
Drives Safety Outputs,209000AK04M4-UE141_Reset
Drives Safety Outputs,209000AK03M1-UE133_PSC-1
Drives Safety Outputs,209000AK03M4-UE132_DO0
Drives Safety Outputs,209000AK03M1-UE133_Lock
Drives Safety Outputs,209000AK04M1-UE143_PSC-1
Drives Safety Outputs,209220CHB21M14-UE144_STO
Drives Safety Outputs,209000AK03M1-UE130_Reset
Drives Safety Outputs,209230CA21M4-UE150_STO
Drives Safety Outputs,209000AK03M1-UE130_EStopExternal
Drives Safety Outputs,209000AK03M4-UE131_MSC-1
Drives Safety Outputs,209000AK03M4-UE131_EStopExternal
Drives Safety Outputs,209000AK04M4-UE141_MSC-1
Drives Safety Outputs,209000AK03M1-UE130_PSC-1
Drives Safety Outputs,209000AK03M4-UE131_PSC-1
Drives Safety Outputs,209000AK04M4-UE142_DO0
Drives Safety Outputs,209000AK03M1-UE130_DO2-M
Drives Safety Outputs,209000AK04M4-UE141_PSC-1
Drives Safety Outputs,209000AK03M4-UE131_DO2-M
Drives Safety Outputs,209000AK04M1-UE140_DO2-M
Drives Safety Outputs,209230CHB21M14-UE151_STO
Drives Safety Outputs,209210CHB21M14-UE134_STO
Drives Safety Outputs,209230CR22M1-UE153_STO
Drives Safety Outputs,209000AK03M1-UE130_DO2-P
Drives Safety Outputs,209000AK03M1-UE133_DO2-M
Drives Safety Outputs,209000AK04M4-UE141_Running
Drives Safety Outputs,209000AK04M1-UE143_DO2-P
Drives Safety Outputs,209000AK04M4-UE141_DO2-M
Drives Safety Outputs,209000AK03M1-UE130_MSC-1
Drives Safety Outputs,209000AK03M1-UE133_EStopExternal
Drives Safety Outputs,209000AK04M4-UE141_Lock
Drives Safety Outputs,209000AK04M1-UE143_DO2-M
Drives Safety Outputs,209000AK04M1-UE140_EStopExternal
Drives Safety Outputs,209000AK03M4-UE131_DO2-P
Drives Safety Outputs,209000AK03M1-UE133_Running
Drives Safety Outputs,209000AK04M1-UE143_Running
Drives Safety Outputs,209000AK04M1-UE143_EStopExternal
Drives Safety Outputs,209000AK04M1-UE140_Running
Drives Safety Outputs,209000AK04M4-UE141_DMC-ccw
Drives Safety Outputs,209000AK04M1-UE140_Reset
Drives Safety Outputs,209000AK04M1-UE140_Lock
Drives Safety Outputs,209000AK03M1-UE133_DO2-P
Drives Safety Outputs,209000AK03M1-UE133_Reset
Drives Safety Outputs,209000AK04M1-UE143_Lock
Drives Safety Outputs,209000AK03M1-UE133_DMC-ccw
Drives Safety Outputs,209000AK04M1-UE140_MSC-1
Drives Safety Outputs,209000AK03M4-UE131_Running
Drives Safety Outputs,209000AK04M1-UE140_DO2-P
Drives Safety Outputs,209000AK03M4-UE131_Reset
Drives Safety Outputs,209000AK04M1-UE140_PSC-1
Drives Safety Outputs,209000AK03M4-UE131_Lock
Drives Safety Words Control,209000AK04M4-UE141_ControlWord3
Drives Safety Words Control,209000AK04M1-UE143_ControlWord1
Drives Safety Words Control,209000AK04M4-UE142_ControlWord
Drives Safety Words Control,209000AK04M1-UE140_ControlWord1
Drives Safety Words Control,209000AK04M1-UE143_ControlWord2
Drives Safety Words Control,209000AK03M1-UE130_ControlWord2
Drives Safety Words Control,209000AK03M4-UE132_ControlWord
Drives Safety Words Control,209000AK03M4-UE131_ControlWord2
Drives Safety Words Control,209000AK04M1-UE143_ControlWord3
Drives Safety Words Control,209000AK03M4-UE131_ControlWord1
Drives Safety Words Control,209220CHB21M14-UE144_ControlWord
Drives Safety Words Control,209000AK03M1-UE133_ControlWord3
Drives Safety Words Control,209000AK03M4-UE131_ControlWord3
Drives Safety Words Control,209230CHB21M14-UE151_ControlWord
Drives Safety Words Control,209210CHB21M14-UE134_ControlWord
Drives Safety Words Control,209230CHB22M14-UE152_ControlWord
Drives Safety Words Control,209000AK03M1-UE130_ControlWord1
Drives Safety Words Control,209000AK04M1-UE140_ControlWord2
Drives Safety Words Control,209230CR22M1-UE153_ControlWord
Drives Safety Words Control,209000AK04M4-UE141_ControlWord1
Drives Safety Words Control,209000AK04M1-UE140_ControlWord3
Drives Safety Words Control,209000AK03M1-UE130_ControlWord3
Drives Safety Words Control,209230CA21M4-UE150_ControlWord
Drives Safety Words Control,209000AK03M1-UE133_ControlWord1
Drives Safety Words Control,209000AK04M4-UE141_ControlWord2
Drives Safety Words Control,209000AK03M1-UE133_ControlWord2
Drives Safety Words Status,209000AK03M1-UE133_StatusWord1
Drives Safety Words Status,209230CHB21M14-UE151_StatusWord
Drives Safety Words Status,209000AK04M4-UE142_StatusWord
Drives Safety Words Status,209000AK03M1-UE133_StatusWord2
Drives Safety Words Status,209000AK04M1-UE143_StatusWord3
Drives Safety Words Status,209230CA21M4-UE150_StatusWord
Drives Safety Words Status,209000AK03M1-UE133_StatusWord3
Drives Safety Words Status,209000AK04M1-UE143_StatusWord1
Drives Safety Words Status,209000AK04M1-UE140_StatusWord1
Drives Safety Words Status,209000AK04M1-UE140_StatusWord2
Drives Safety Words Status,209000AK04M1-UE143_StatusWord2
Drives Safety Words Status,209000AK04M4-UE141_StatusWord2
Drives Safety Words Status,209230CR22M1-UE153_StatusWord
Drives Safety Words Status,209230CHB22M14-UE152_StatusWord
Drives Safety Words Status,209000AK03M1-UE130_StatusWord1
Drives Safety Words Status,209000AK03M1-UE130_StatusWord3
Drives Safety Words Status,209000AK03M1-UE130_StatusWord2
Drives Safety Words Status,209210CHB21M14-UE134_StatusWord
Drives Safety Words Status,209000AK03M4-UE131_StatusWord1
Drives Safety Words Status,209000AK04M1-UE140_StatusWord3
Drives Safety Words Status,209000AK03M4-UE131_StatusWord2
Drives Safety Words Status,209000AK04M4-UE141_StatusWord3
Drives Safety Words Status,209000AK03M4-UE132_StatusWord
Drives Safety Words Status,209000AK03M4-UE131_StatusWord3
Drives Safety Words Status,209220CHB21M14-UE144_StatusWord
Drives Safety Words Status,209000AK04M4-UE141_StatusWord1
ET200SP Inputs,209000AK01SH6
ET200SP Inputs,I12.3
ET200SP Inputs,209220AS10M14SH1
ET200SP Inputs,209000AK01E1FV1
ET200SP Inputs,I858.2
ET200SP Inputs,209000AK04F9QC3FB
ET200SP Inputs,209000AK02E2SG1
ET200SP Inputs,I71.6
ET200SP Inputs,209000AS01SX1_1
ET200SP Inputs,209210AS10SH6
ET200SP Inputs,209210AS10M1SH5
ET200SP Inputs,209000AE01E3FV1
ET200SP Inputs,209210ASH01SX108_1
ET200SP Inputs,209000AK01E2FS5
ET200SP Inputs,209220CWP26SH01
ET200SP Inputs,209000AK01E1QM1
ET200SP Inputs,209230AS10SH102
ET200SP Inputs,209230AS10SH101
ET200SP Inputs,209000AK04E2FS2
ET200SP Inputs,209230AS10SX1_1
ET200SP Inputs,209230AS10M4SH1
ET200SP Inputs,209210AS10SH1
ET200SP Inputs,209210AS10SH122
ET200SP Inputs,209210AS10SH101
ET200SP Inputs,209210CS22M4SG42
ET200SP Inputs,209210CS22M4SG9
ET200SP Inputs,209210CS22M4SG41
ET200SP Inputs,I202.7
ET200SP Inputs,209210CR23M1SG9
ET200SP Inputs,209220ASH01SX103_1
ET200SP Inputs,209210CR23M1SG1
ET200SP Inputs,209220ASH01SX104_1
ET200SP Inputs,I502.7
ET200SP Inputs,209220ASH01SX107_1
ET200SP Inputs,209220ASH01SX108_1
ET200SP Inputs,I450.7
ET200SP Inputs,I650.7
ET200SP Inputs,209220NCB01JW242
ET200SP Inputs,I558.1
ET200SP Inputs,209230AS10SH2
ET200SP Inputs,209230AS10M14SH1
ET200SP Inputs,209000AK03E2SG1
ET200SP Inputs,209210ASH01SX103_1
ET200SP Inputs,209220CS22M4SG42
ET200SP Inputs,I558.4
ET200SP Inputs,209210ASH01SX100_1
ET200SP Inputs,I558.5
ET200SP Inputs,I800.5
ET200SP Inputs,209230ASH01SX105_1
ET200SP Inputs,209000AK03E1QM130
ET200SP Inputs,209230ASH01SX112_1
ET200SP Inputs,I40.6
ET200SP Inputs,I602.7
ET200SP Inputs,209210CS22M4SG40
ET200SP Inputs,I358.7
ET200SP Inputs,209000AK03F9QC1FB
ET200SP Inputs,209230AS30SH2
ET200SP Inputs,209210AS10M4SH1
ET200SP Inputs,209000AK03F9QC2FB
ET200SP Inputs,I400.7
ET200SP Inputs,I250.2
ET200SP Inputs,209220CR21M1QH1
ET200SP Inputs,209220CS22M4QH2
ET200SP Inputs,209220ASH01SX101_1
ET200SP Inputs,209220ASH01SX110_1
ET200SP Inputs,209220CR23M1QH1
ET200SP Inputs,209220AS10M4SH1
ET200SP Inputs,209210CWP24SH01
ET200SP Inputs,209220AS20SX23_1
ET200SP Inputs,209220AS40SX1_1
ET200SP Inputs,209210CWP21SH01
ET200SP Inputs,I550.5
ET200SP Inputs,I300.5
ET200SP Inputs,209220ASH01SX105_1
ET200SP Inputs,I258.4
ET200SP Inputs,I650.2
ET200SP Inputs,I650.5
ET200SP Inputs,209210CWP25SH01
ET200SP Inputs,209220AS11SH101
ET200SP Inputs,209230AS10M14SH3
ET200SP Inputs,209210AS11M4SH2
ET200SP Inputs,209230AS10M14SH4
ET200SP Inputs,209210AS11M1SH4
ET200SP Inputs,209220AS11M1SH2
ET200SP Inputs,I802.4
ET200SP Inputs,209220AS11SX1_1
ET200SP Inputs,209210ASH01SX106_1
ET200SP Inputs,209220AS10SX1_1
ET200SP Inputs,209220AS11SH21
ET200SP Inputs,209230ASH01SX100_1
ET200SP Inputs,209220CWP15SH01
ET200SP Inputs,209220AS11SH22
ET200SP Inputs,209230AS30SX2_1
ET200SP Inputs,I602.5
ET200SP Inputs,I250.5
ET200SP Inputs,209210CS22M4SG2
ET200SP Inputs,I358.5
ET200SP Inputs,209210AS40SX1_1
ET200SP Inputs,I251.1
ET200SP Inputs,I358.4
ET200SP Inputs,209000AK04F9QC5FB
ET200SP Inputs,I258.1
ET200SP Inputs,I258.6
ET200SP Inputs,I420.6
ET200SP Inputs,209210AS11SH102
ET200SP Inputs,209210ASH01SX107_1
ET200SP Inputs,209210AS11SX2_1
ET200SP Inputs,209210AS20SX1_1
ET200SP Inputs,I601.2
ET200SP Inputs,209230ASH01SX102_1
ET200SP Inputs,I1.5
ET200SP Inputs,I600.5
ET200SP Inputs,I350.5
ET200SP Inputs,209220AS11M1SH4
ET200SP Inputs,I500.5
ET200SP Inputs,I10.7
ET200SP Inputs,209220AS10M1SH1
ET200SP Inputs,209000AK01SX2_1
ET200SP Inputs,209220CWP23SH01
ET200SP Inputs,I10.6
ET200SP Inputs,209000AK03F9QC5FB
ET200SP Inputs,209000AK01E2FS6
ET200SP Inputs,209220AS10M1SH3
ET200SP Inputs,209000AK01E2FS3
ET200SP Inputs,I858.6
ET200SP Inputs,209000AK01E2FS2
ET200SP Inputs,I251.3
ET200SP Inputs,I251.2
ET200SP Inputs,209220AS10SH21
ET200SP Inputs,209210CWP13SH01
ET200SP Inputs,209000AS01SX2_1
ET200SP Inputs,209210AS11M1SH3
ET200SP Inputs,I100.6
ET200SP Inputs,209000AS01SH101
ET200SP Inputs,209210ASH01SX105_1
ET200SP Inputs,I0.7
ET200SP Inputs,209000AE01E3EG1
ET200SP Inputs,209210AS11SH22
ET200SP Inputs,I0.6
ET200SP Inputs,209220CR23M1SG1
ET200SP Inputs,209000AS02SX1_1
ET200SP Inputs,209210ASH01SX112_1
ET200SP Inputs,209000AE01E2SG1
ET200SP Inputs,209000AE01EL1
ET200SP Inputs,209220AS10SH1
ET200SP Inputs,209220AS20SX2_1
ET200SP Inputs,209000AK04E2FS3
ET200SP Inputs,209000AK02E3EG2
ET200SP Inputs,209000AK01E1QM10
ET200SP Inputs,I850.5
ET200SP Inputs,I70.6
ET200SP Inputs,209000AK04E1QM143
ET200SP Inputs,209230AS10M14SH2
ET200SP Inputs,209000AK04F9QC2FB
ET200SP Inputs,209210AS10M14SH1
ET200SP Inputs,I350.2
ET200SP Inputs,I250.3
ET200SP Inputs,I358.3
ET200SP Inputs,I350.6
ET200SP Inputs,209210NCB02JW241
ET200SP Inputs,209220ASH01SX111_1
ET200SP Inputs,209220ASH01SX112_1
ET200SP Inputs,209220AS10SH22
ET200SP Inputs,209220ASH01_Status
ET200SP Inputs,209230AS10M1SH1
ET200SP Inputs,209220AS11SH1
ET200SP Inputs,209220AS11SH2
ET200SP Inputs,209230AS10M4SH2
ET200SP Inputs,209210AS10SH102
ET200SP Inputs,209210AS10SX1_1
ET200SP Inputs,209210CR23M1SG2
ET200SP Inputs,209220AS20SX22_1
ET200SP Inputs,209210CS22M4QH2
ET200SP Inputs,I250.6
ET200SP Inputs,I358.1
ET200SP Inputs,I752.6
ET200SP Inputs,209000AK01E1QM4
ET200SP Inputs,I420.7
ET200SP Inputs,209220CR21M1SG8V
ET200SP Inputs,I551.1
ET200SP Inputs,209220ASH01SX109_1
ET200SP Inputs,209000AK01E1QM12
ET200SP Inputs,209230AS10SX2_1
ET200SP Inputs,209000AK01E1QM6
ET200SP Inputs,209000AK01E1QM11
ET200SP Inputs,209220CS22M4SG40
ET200SP Inputs,209220AS11SX2_1
ET200SP Inputs,209220CS22M4SG1
ET200SP Inputs,I558.3
ET200SP Inputs,209220CS22M4SG2
ET200SP Inputs,209220ASH01SX113_1
ET200SP Inputs,209220AS11SH6
ET200SP Inputs,I558.7
ET200SP Inputs,209220AS11SH121
ET200SP Inputs,209230ASH01SX104_1
ET200SP Inputs,209210AS10M14SH2
ET200SP Inputs,209210AS10SH2
ET200SP Inputs,I850.6
ET200SP Inputs,209210AS10M1SH4
ET200SP Inputs,209210AS10SH21
ET200SP Inputs,209210AS10SX22_1
ET200SP Inputs,I200.5
ET200SP Inputs,209220ASH01SX102_1
ET200SP Inputs,209210AS10SH121
ET200SP Inputs,I551.2
ET200SP Inputs,209220AS10SH121
ET200SP Inputs,I550.3
ET200SP Inputs,I258.5
ET200SP Inputs,I551.6
ET200SP Inputs,I550.7
ET200SP Inputs,209210AS11SX1_1
ET200SP Inputs,209210AS11SH2
ET200SP Inputs,209210AS11SH6
ET200SP Inputs,209210AS11M1SH1
ET200SP Inputs,209230ASH01SX106_1
ET200SP Inputs,209230ASH01SX110_1
ET200SP Inputs,209000AK02E3FV2
ET200SP Inputs,209230ASH01SX111_1
ET200SP Inputs,209230ASH01_Status
ET200SP Inputs,I251.7
ET200SP Inputs,209210CR23M1SG8V
ET200SP Inputs,I251.6
ET200SP Inputs,I258.3
ET200SP Inputs,209210AS20SX2_1
ET200SP Inputs,209220CS22M4QH1
ET200SP Inputs,209210AS20SX23_1
ET200SP Inputs,209000AE01E3FS31
ET200SP Inputs,I802.3
ET200SP Inputs,209000AE01SH100
ET200SP Inputs,209220CWP24SH01
ET200SP Inputs,I802.7
ET200SP Inputs,209220AS10SH101
ET200SP Inputs,209000AK01QC1
ET200SP Inputs,I720.7
ET200SP Inputs,209230ASH01SX109_1
ET200SP Inputs,209000AK01E2FV1
ET200SP Inputs,209000AK03F9QC3FB
ET200SP Inputs,I40.3
ET200SP Inputs,209210CWP12SH01
ET200SP Inputs,209210CWP16SH01
ET200SP Inputs,209000AS01SH3
ET200SP Inputs,209000AK04F9QC6FB
ET200SP Inputs,I658.3
ET200SP Inputs,209000AS01ST1
ET200SP Inputs,209210AS11SH1
ET200SP Inputs,I650.6
ET200SP Inputs,209000AE01E3CE1Rdy
ET200SP Inputs,I658.7
ET200SP Inputs,I802.1
ET200SP Inputs,209220AS11SX22_1
ET200SP Inputs,209220AS11M1SH1
ET200SP Inputs,209220CWP22SH01
ET200SP Inputs,209220AS20SH2
ET200SP Inputs,209220AS10M1SH2
ET200SP Inputs,209220CWP21SH01
ET200SP Inputs,209230NCB01JW244
ET200SP Inputs,I70.3
ET200SP Inputs,I858.3
ET200SP Inputs,I858.4
ET200SP Inputs,I41.7
ET200SP Inputs,I850.7
ET200SP Inputs,I70.7
ET200SP Inputs,I858.7
ET200SP Inputs,209210CR21M1SG8V
ET200SP Inputs,209000AS01SH2
ET200SP Inputs,209210AS11SH122
ET200SP Inputs,I658.1
ET200SP Inputs,209210AS11SH21
ET200SP Inputs,209210ASH01SX111_1
ET200SP Inputs,209220NCB02JW243
ET200SP Inputs,209210AS11M1SH2
ET200SP Inputs,I302.7
ET200SP Inputs,209000AE01E3CE1Activ
ET200SP Inputs,I658.5
ET200SP Inputs,209210AS10M1SH2
ET200SP Inputs,I700.6
ET200SP Inputs,209210AS11SH121
ET200SP Inputs,209220AS20SX1_1
ET200SP Inputs,209210ASH01SX104_1
ET200SP Inputs,209000AE01QC1
ET200SP Inputs,I201.7
ET200SP Inputs,I750.6
ET200SP Inputs,209220AS10M14SH2
ET200SP Inputs,209220AS10M1SH5
ET200SP Inputs,I720.6
ET200SP Inputs,209000AK04E2FS1
ET200SP Inputs,I13.3
ET200SP Inputs,I858.1
ET200SP Inputs,209230AS10SH6
ET200SP Inputs,209000AK01E1QM13
ET200SP Inputs,I13.2
ET200SP Inputs,209000AK03F9QC6FB
ET200SP Inputs,209000AK04E2SG1
ET200SP Inputs,209000AK01E2SG1
ET200SP Inputs,209220AS11SH102
ET200SP Inputs,209000AS02SH4
ET200SP Inputs,209000AS02ST1
ET200SP Inputs,209210ASH01SX109_1
ET200SP Inputs,I452.6
ET200SP Inputs,209210AS10SH22
ET200SP Inputs,209210AS11SX22_1
ET200SP Inputs,I658.6
ET200SP Inputs,209210AS10M4SH2
ET200SP Inputs,209220ASH01SX106_1
ET200SP Inputs,I750.7
ET200SP Inputs,209210CR21M1QH1
ET200SP Inputs,209000AK01E2FS7
ET200SP Inputs,209000AK01E2FS4
ET200SP Inputs,I558.2
ET200SP Inputs,I551.3
ET200SP Inputs,209000AK01E1QM14
ET200SP Inputs,I558.6
ET200SP Inputs,I551.7
ET200SP Inputs,209210AS10SX2_1
ET200SP Inputs,I804.6
ET200SP Inputs,209210AS10M1SH1
ET200SP Inputs,209000AS02SH101
ET200SP Inputs,209210AS10M1SH3
ET200SP Inputs,I550.2
ET200SP Inputs,209230ZS01F9SG1_ADO
ET200SP Inputs,I358.2
ET200SP Inputs,I550.6
ET200SP Inputs,I258.7
ET200SP Inputs,I358.6
ET200SP Inputs,209230AS10SH1
ET200SP Inputs,I650.4
ET200SP Inputs,209210ASH01SX101_1
ET200SP Inputs,209220CS22M4SG9
ET200SP Inputs,209230ASH01SX103_1
ET200SP Inputs,209220AS20SH22
ET200SP Inputs,209230ASH01SX113_1
ET200SP Inputs,209230ASH01SX107_1
ET200SP Inputs,I41.6
ET200SP Inputs,209000AK03EL1
ET200SP Inputs,209230AS30SX1_1
ET200SP Inputs,209220ASH01SX100_1
ET200SP Inputs,209000AK03F9QC4FB
ET200SP Inputs,209210CWP22SH01
ET200SP Inputs,209210AS20SH22
ET200SP Inputs,I650.3
ET200SP Inputs,209210CWP26SH01
ET200SP Inputs,209210AS20SH2
ET200SP Inputs,I802.2
ET200SP Inputs,209000AS02SH3
ET200SP Inputs,209210AS11SH101
ET200SP Inputs,209220CS22M4SG41
ET200SP Inputs,209220CWP14SH01
ET200SP Inputs,209210AS20SX22_1
ET200SP Inputs,I802.6
ET200SP Inputs,I802.5
ET200SP Inputs,209230AS10M1SH2
ET200SP Inputs,209210AS11M4SH1
ET200SP Inputs,I602.6
ET200SP Inputs,209220CR23M1SG8V
ET200SP Inputs,209220AS11M1SH5
ET200SP Inputs,I700.7
ET200SP Inputs,209230ASH01SX101_1
ET200SP Inputs,I501.7
ET200SP Inputs,209000AK03E2FS1
ET200SP Inputs,209230ASH01SX108_1
ET200SP Inputs,209000AK03E2FS3
ET200SP Inputs,209220CWP25SH01
ET200SP Inputs,209000AK03E2FS2
ET200SP Inputs,209220AS11SH122
ET200SP Inputs,209220AS10SH122
ET200SP Inputs,209000AK03E1QM133
ET200SP Inputs,209210CWP14SH01
ET200SP Inputs,I250.7
ET200SP Inputs,209210CWP11SH01
ET200SP Inputs,209000AK04F9QC4FB
ET200SP Inputs,209210CS22M4SG1
ET200SP Inputs,209210CWP15SH01
ET200SP Inputs,209000AS01SH4
ET200SP Inputs,I71.7
ET200SP Inputs,209210NCB01JW240
ET200SP Inputs,I450.6
ET200SP Inputs,209220CR23M1SG9
ET200SP Inputs,209000AS02SH2
ET200SP Inputs,209210ASH01_Status
ET200SP Inputs,I301.2
ET200SP Inputs,209220AS11M4SH1
ET200SP Inputs,209230AS10SH5
ET200SP Inputs,I658.4
ET200SP Inputs,209220AS11M4SH2
ET200SP Inputs,I350.3
ET200SP Inputs,209210ASH01SX102_1
ET200SP Inputs,209220CWP12SH01
ET200SP Inputs,209210CS22M4QH1
ET200SP Inputs,209220AS10SH102
ET200SP Inputs,209220CWP11SH01
ET200SP Inputs,209220AS11M1SH3
ET200SP Inputs,I350.7
ET200SP Inputs,209000AE02E2SG1
ET200SP Inputs,209220CWP16SH01
ET200SP Inputs,209210AS41SX1_1
ET200SP Inputs,209220AS10M1SH4
ET200SP Inputs,209220AS10SX22_1
ET200SP Inputs,209000AK01E2FS1
ET200SP Inputs,I850.4
ET200SP Inputs,209000AK01SX1_1
ET200SP Inputs,209000AK04E1QM140
ET200SP Inputs,I858.5
ET200SP Inputs,209220AS10M4SH2
ET200SP Inputs,I400.6
ET200SP Inputs,209000AK04F9QC1FB
ET200SP Inputs,I258.2
ET200SP Inputs,209210CWP23SH01
ET200SP Inputs,209000AS02SX2_1
ET200SP Inputs,I302.5
ET200SP Inputs,209210AS11M1SH5
ET200SP Inputs,209220CR23M1SG2
ET200SP Inputs,I130.6
ET200SP Inputs,209210ASH01SX110_1
ET200SP Inputs,I658.2
ET200SP Inputs,209210ASH01SX113_1
ET200SP Inputs,209220AS10SX2_1
ET200SP Inputs,I1.1
ET200SP Inputs,I302.6
ET200SP Inputs,209220CWP13SH01
ET200SP Inputs,209210CR23M1QH1
ET200SP Inputs,I1.6
ET200SP Inputs,209000AE01E1QM1
ET200SP Inputs,209220AS10SH2
ET200SP Inputs,209220AS10SH6
ET200SP Outputs,209210CWP22PX01
ET200SP Outputs,209220ASH01SX109_2
ET200SP Outputs,Q858.4
ET200SP Outputs,Q850.5
ET200SP Outputs,209220AS11PX22
ET200SP Outputs,209220AS11PX21
ET200SP Outputs,209220ASH01SX113_2
ET200SP Outputs,209220AS11M1PX2
ET200SP Outputs,209210AS10PX23
ET200SP Outputs,209210ASH01SX113_2
ET200SP Outputs,209210AS10M14PX1
ET200SP Outputs,Q800.6
ET200SP Outputs,209220AS10SX22_2
ET200SP Outputs,209210AS11PX22
ET200SP Outputs,Q558.5
ET200SP Outputs,209210AS11M1PX2
ET200SP Outputs,Q750.5
ET200SP Outputs,209220AS11SX2_2
ET200SP Outputs,Q450.5
ET200SP Outputs,Q558.6
ET200SP Outputs,Q0.6
ET200SP Outputs,209220AS11PX4
ET200SP Outputs,209210AS10SX22_2
ET200SP Outputs,209220ASH01SX106_2
ET200SP Outputs,209220AS11SX22_2
ET200SP Outputs,Q1.1
ET200SP Outputs,209220ASH01SX111_2
ET200SP Outputs,Q1.2
ET200SP Outputs,209220AS11PX3
ET200SP Outputs,209210AS10M4PX1
ET200SP Outputs,209210ASH01SX111_2
ET200SP Outputs,Q1.5
ET200SP Outputs,Q258.5
ET200SP Outputs,209230ASH01SX101_2
ET200SP Outputs,Q658.5
ET200SP Outputs,Q658.2
ET200SP Outputs,209220CWP16PX01
ET200SP Outputs,Q452.7
ET200SP Outputs,Q300.7
ET200SP Outputs,209230AS10M14PX1
ET200SP Outputs,209210AS11SX2_2
ET200SP Outputs,209230ASH01SX105_2
ET200SP Outputs,209220CWP12PX01
ET200SP Outputs,Q658.6
ET200SP Outputs,Q850.4
ET200SP Outputs,Q300.6
ET200SP Outputs,209210CWP11PX01
ET200SP Outputs,209210AS11PX4
ET200SP Outputs,Q804.7
ET200SP Outputs,Q558.3
ET200SP Outputs,209210AS11PX3
ET200SP Outputs,209220AS20SX23_2
ET200SP Outputs,209220ASH01SX100_2
ET200SP Outputs,209210AS20SX23_2
ET200SP Outputs,209210ASH01SX102_2
ET200SP Outputs,Q358.2
ET200SP Outputs,Q1.4
ET200SP Outputs,209220ASH01SX104_2
ET200SP Outputs,Q450.7
ET200SP Outputs,Q0.7
ET200SP Outputs,Q250.7
ET200SP Outputs,209000AK01SX1_2
ET200SP Outputs,Q801.7
ET200SP Outputs,Q250.6
ET200SP Outputs,209230AS10M14PX3
ET200SP Outputs,Q258.3
ET200SP Outputs,209000AK04M1UE142RST
ET200SP Outputs,Q250.2
ET200SP Outputs,209220CWP11PX01
ET200SP Outputs,209220CWP14PX01
ET200SP Outputs,209230AS10M14PX2
ET200SP Outputs,Q258.2
ET200SP Outputs,Q730.7
ET200SP Outputs,209230ASH01SX100_2
ET200SP Outputs,209000AK04M1UE143EN
ET200SP Outputs,Q100.2
ET200SP Outputs,209220CWP15PX01
ET200SP Outputs,209210AS11PX21
ET200SP Outputs,209210AS11M1PX3
ET200SP Outputs,209210AS11M14PX1
ET200SP Outputs,Q350.5
ET200SP Outputs,Q450.4
ET200SP Outputs,Q358.1
ET200SP Outputs,209210ASH01SX100_2
ET200SP Outputs,209210ASH01SX108_2
ET200SP Outputs,Q10.6
ET200SP Outputs,209220AS10M1PX2
ET200SP Outputs,Q10.3
ET200SP Outputs,209000AK03M1UE132EN
ET200SP Outputs,Q258.4
ET200SP Outputs,209000AS01P1PX1
ET200SP Outputs,Q302.7
ET200SP Outputs,209000AS02SX1_2
ET200SP Outputs,Q350.0
ET200SP Outputs,Q350.3
ET200SP Outputs,Q0.3
ET200SP Outputs,Q40.4
ET200SP Outputs,209000AK03M1UE130EN
ET200SP Outputs,209000AK04M1UE140EN
ET200SP Outputs,209220AS10M1PX4
ET200SP Outputs,209210AS10SX1_2
ET200SP Outputs,Q710.6
ET200SP Outputs,209220AS20SX1_2
ET200SP Outputs,Q550.2
ET200SP Outputs,Q858.1
ET200SP Outputs,209230AS10SX2_2
ET200SP Outputs,Q858.5
ET200SP Outputs,209220AS11M1PX3
ET200SP Outputs,209230AS10P1PX2
ET200SP Outputs,Q650.1
ET200SP Outputs,209210AS10M1PX4
ET200SP Outputs,Q500.6
ET200SP Outputs,Q358.6
ET200SP Outputs,Q550.0
ET200SP Outputs,209220AS10PX3
ET200SP Outputs,209210CWP12PX01
ET200SP Outputs,209220CWP21PX01
ET200SP Outputs,209210CWP13PX01
ET200SP Outputs,209220ASH01SX101_2
ET200SP Outputs,209220AS40SX1_2
ET200SP Outputs,209230AS30SX2_2
ET200SP Outputs,Q850.3
ET200SP Outputs,209210CWP16PX01
ET200SP Outputs,209220AS11P1PX2
ET200SP Outputs,209220CWP25PX01
ET200SP Outputs,209220ASH01SX105_2
ET200SP Outputs,Q850.6
ET200SP Outputs,Q850.7
ET200SP Outputs,209220AS11PX24
ET200SP Outputs,209220AS11PX2
ET200SP Outputs,Q200.6
ET200SP Outputs,209220ASH01SX110_2
ET200SP Outputs,209210AS10M1PX2
ET200SP Outputs,Q600.6
ET200SP Outputs,Q752.7
ET200SP Outputs,Q1.6
ET200SP Outputs,209220AS11PX23
ET200SP Outputs,209220AS11M14PX2
ET200SP Outputs,Q250.0
ET200SP Outputs,209210AS10PX3
ET200SP Outputs,Q752.6
ET200SP Outputs,209220AS10P1PA1
ET200SP Outputs,209000AK01SX2_2
ET200SP Outputs,209230AS10P1PA1
ET200SP Outputs,209220AS10PX1
ET200SP Outputs,209220AS11M14PX1
ET200SP Outputs,209210AS40SX1_2
ET200SP Outputs,Q500.7
ET200SP Outputs,209210AS11P1PX2
ET200SP Outputs,209220AS10PX21
ET200SP Outputs,209210CWP15PX01
ET200SP Outputs,209210AS11PX24
ET200SP Outputs,Q358.7
ET200SP Outputs,Q558.7
ET200SP Outputs,209210AS11PX23
ET200SP Outputs,209210CWP21PX01
ET200SP Outputs,Q750.7
ET200SP Outputs,209220AS11P1PA1
ET200SP Outputs,209210AS10PX1
ET200SP Outputs,209210ASH01SX106_2
ET200SP Outputs,209220ASH01SX103_2
ET200SP Outputs,209220AS11M1PX1
ET200SP Outputs,209220ASH01SX108_2
ET200SP Outputs,209210AS10PX21
ET200SP Outputs,209230AS10SX1_2
ET200SP Outputs,209210AS10PX24
ET200SP Outputs,209210ASH01SX110_2
ET200SP Outputs,Q1.3
ET200SP Outputs,Q250.5
ET200SP Outputs,Q10.4
ET200SP Outputs,209220AS11M4PX1
ET200SP Outputs,209220ASH01SX112_2
ET200SP Outputs,209230AS10P1PX1
ET200SP Outputs,Q1.7
ET200SP Outputs,Q258.7
ET200SP Outputs,209230AS10M1PX3
ET200SP Outputs,Q258.6
ET200SP Outputs,209230ASH01SX104_2
ET200SP Outputs,209210AS11P1PA1
ET200SP Outputs,Q100.6
ET200SP Outputs,209210AS11M1PX1
ET200SP Outputs,209210AS11SX22_2
ET200SP Outputs,209210AS11M4PX1
ET200SP Outputs,Q358.5
ET200SP Outputs,209220AS20SX22_2
ET200SP Outputs,209210ASH01SX104_2
ET200SP Outputs,209210ASH01SX112_2
ET200SP Outputs,Q1.0
ET200SP Outputs,Q801.5
ET200SP Outputs,209220AS10SX1_2
ET200SP Outputs,Q250.3
ET200SP Outputs,209000AK03M1UE132RST
ET200SP Outputs,209220AS10SX2_2
ET200SP Outputs,209230AS10M4PX1
ET200SP Outputs,209210AS11SX1_2
ET200SP Outputs,209000AK04M1UE142EN
ET200SP Outputs,209210AS11P1PX1
ET200SP Outputs,209230AS30SX1_2
ET200SP Outputs,209000AS02P1PX1
ET200SP Outputs,209210CWP23PX01
ET200SP Outputs,Q350.7
ET200SP Outputs,Q430.6
ET200SP Outputs,209220AS11SX1_2
ET200SP Outputs,Q358.3
ET200SP Outputs,209210ASH01SX101_2
ET200SP Outputs,Q650.3
ET200SP Outputs,Q650.7
ET200SP Outputs,Q70.4
ET200SP Outputs,209230ASH01SX102_2
ET200SP Outputs,Q70.5
ET200SP Outputs,209000AS01SX1_2
ET200SP Outputs,209230ASH01SX106_2
ET200SP Outputs,209220CWP23PX01
ET200SP Outputs,209230AS10M1PX2
ET200SP Outputs,209000AS01SX2_2
ET200SP Outputs,Q550.6
ET200SP Outputs,Q10.5
ET200SP Outputs,209220AS10M1PX3
ET200SP Outputs,209000AK03M1UE131EN
ET200SP Outputs,209220AS10PX23
ET200SP Outputs,Q550.1
ET200SP Outputs,Q804.0
ET200SP Outputs,Q410.6
ET200SP Outputs,209220CWP22PX01
ET200SP Outputs,209220NCB01JW242:TRIG
ET200SP Outputs,209230ASH01SX103_2
ET200SP Outputs,209220AS20SX2_2
ET200SP Outputs,209000AK04M1UE142SFR
ET200SP Outputs,Q558.4
ET200SP Outputs,Q858.2
ET200SP Outputs,Q858.3
ET200SP Outputs,Q750.4
ET200SP Outputs,209210AS10M1PX3
ET200SP Outputs,209210AS11M1PX4
ET200SP Outputs,Q858.6
ET200SP Outputs,Q858.7
ET200SP Outputs,Q602.7
ET200SP Outputs,Q800.2
ET200SP Outputs,Q250.1
ET200SP Outputs,Q800.7
ET200SP Outputs,209220AS11M1PX4
ET200SP Outputs,209220AS10PX4
ET200SP Outputs,209220AS10M1PX1
ET200SP Outputs,209220AS10M14PX2
ET200SP Outputs,209220AS10PX24
ET200SP Outputs,Q10.7
ET200SP Outputs,209220AS10M4PX1
ET200SP Outputs,Q502.7
ET200SP Outputs,209210CWP14PX01
ET200SP Outputs,209210CWP25PX01
ET200SP Outputs,209000AS02P1PX2
ET200SP Outputs,Q130.6
ET200SP Outputs,Q410.7
ET200SP Outputs,Q600.7
ET200SP Outputs,209210AS10PX2
ET200SP Outputs,209220ASH01SX107_2
ET200SP Outputs,209210AS10SX2_2
ET200SP Outputs,209210AS10M1PX1
ET200SP Outputs,209210AS10M14PX2
ET200SP Outputs,209210AS41SX1_2
ET200SP Outputs,Q452.6
ET200SP Outputs,Q650.0
ET200SP Outputs,209230AS10PX1
ET200SP Outputs,Q202.7
ET200SP Outputs,Q650.4
ET200SP Outputs,Q801.4
ET200SP Outputs,209210AS10P1PA1
ET200SP Outputs,Q750.6
ET200SP Outputs,209210AS10P1PX1
ET200SP Outputs,Q200.7
ET200SP Outputs,Q0.0
ET200SP Outputs,Q130.7
ET200SP Outputs,209220ASH01SX102_2
ET200SP Outputs,209220AS10P1PX1
ET200SP Outputs,209230AS10M14PX4
ET200SP Outputs,209210AS11PX1
ET200SP Outputs,209210AS20SX22_2
ET200SP Outputs,209220AS11P1PX1
ET200SP Outputs,Q450.6
ET200SP Outputs,209210ASH01SX105_2
ET200SP Outputs,209220AS11PX1
ET200SP Outputs,209210ASH01SX109_2
ET200SP Outputs,Q658.3
ET200SP Outputs,Q658.7
ET200SP Outputs,209230ASH01SX109_2
ET200SP Outputs,209220CWP13PX01
ET200SP Outputs,Q804.2
ET200SP Outputs,209210AS11PX2
ET200SP Outputs,209000AS01P1PX2
ET200SP Outputs,209230ASH01SX113_2
ET200SP Outputs,Q804.6
ET200SP Outputs,209210CWP26PX01
ET200SP Outputs,209000AS02SX2_2
ET200SP Outputs,209210AS20SX1_2
ET200SP Outputs,Q558.2
ET200SP Outputs,209210ASH01SX103_2
ET200SP Outputs,Q10.2
ET200SP Outputs,Q650.5
ET200SP Outputs,Q650.2
ET200SP Outputs,209210ASH01SX107_2
ET200SP Outputs,209230AS10PX3
ET200SP Outputs,Q258.1
ET200SP Outputs,Q40.5
ET200SP Outputs,Q658.1
ET200SP Outputs,209210NCB01JW240:TRIG
ET200SP Outputs,Q550.5
ET200SP Outputs,Q650.6
ET200SP Outputs,Q804.4
ET200SP Outputs,209220CWP26PX01
ET200SP Outputs,Q801.6
ET200SP Outputs,209000AK04M1UE141EN
ET200SP Outputs,209230ASH01SX107_2
ET200SP Outputs,Q558.1
ET200SP Outputs,Q850.0
ET200SP Outputs,209210AS11M14PX2
ET200SP Outputs,209000AS01P1PA1
ET200SP Outputs,209230ASH01SX111_2
ET200SP Outputs,209210CWP24PX01
ET200SP Outputs,Q350.2
ET200SP Outputs,Q100.7
ET200SP Outputs,Q430.7
ET200SP Outputs,Q350.6
ET200SP Outputs,209220NCB02JW243:TRIG
ET200SP Outputs,209230AS10PX4
ET200SP Outputs,Q710.7
ET200SP Outputs,209230AS10M1PX1
ET200SP Outputs,209000AK03M1UE133EN
ET200SP Outputs,Q550.3
ET200SP Outputs,Q658.4
ET200SP Outputs,209220CWP24PX01
ET200SP Outputs,209000AK03M1UE132SFR
ET200SP Outputs,Q550.7
ET200SP Outputs,209210AS10PX22
ET200SP Outputs,Q350.1
ET200SP Outputs,209210AS10P1PX2
ET200SP Outputs,209210AS20SX2_2
ET200SP Outputs,Q0.1
ET200SP Outputs,209210NCB02JW241:TRIG
ET200SP Outputs,Q0.2
ET200SP Outputs,Q0.5
ET200SP Outputs,Q358.4
ET200SP Outputs,209220AS10PX2
ET200SP Outputs,209220AS10PX22
ET200SP Outputs,209220AS10P1PX2
ET200SP Outputs,Q730.6
ET200SP Outputs,Q130.2
ET200SP Outputs,209000AS02P1PA1
ET200SP Outputs,209210AS10PX4
ET200SP Outputs,Q0.4
ET200SP Outputs,209230AS10PX2
ET200SP Outputs,209220AS10M14PX1
ET200SP Outputs,209230NCB01JW244:TRIG
ET200SP Safety Inputs,I6000.5
ET200SP Safety Inputs,209210CHB21M14SG1F_CH2
ET200SP Safety Inputs,209220AS20F9SH1_CH1
ET200SP Safety Inputs,I5500.5
ET200SP Safety Inputs,209210AS41F9SH1_CH2
ET200SP Safety Inputs,209220AS20XS10
ET200SP Safety Inputs,I6100.6
ET200SP Safety Inputs,209220AS40F9SH1_CH1
ET200SP Safety Inputs,I5400.2
ET200SP Safety Inputs,209210AS11F9SH1_CH2
ET200SP Safety Inputs,I6050.1
ET200SP Safety Inputs,I5130.7
ET200SP Safety Inputs,I5500.3
ET200SP Safety Inputs,209220AS20F9SH1_CH2
ET200SP Safety Inputs,I6100.1
ET200SP Safety Inputs,209210AS20F9SH1_CH1
ET200SP Safety Inputs,I6200.5
ET200SP Safety Inputs,I6150.2
ET200SP Safety Inputs,209220AS40F9SH1_CH2
ET200SP Safety Inputs,I5400.6
ET200SP Safety Inputs,212DF9K1_CH1
ET200SP Safety Inputs,I6050.5
ET200SP Safety Inputs,I5400.3
ET200SP Safety Inputs,209230AS10F9SH1_CH1
ET200SP Safety Inputs,I6100.5
ET200SP Safety Inputs,209210AS20F9SH1_CH2
ET200SP Safety Inputs,209230AS10XS10
ET200SP Safety Inputs,I6150.6
ET200SP Safety Inputs,I5010.3
ET200SP Safety Inputs,209230AS30F9SH1_CH1
ET200SP Safety Inputs,209210CR21M1SG1F
ET200SP Safety Inputs,209000AK03F9QC3_VS
ET200SP Safety Inputs,212DF9K1_CH2
ET200SP Safety Inputs,209000AK03F9QC2_VS
ET200SP Safety Inputs,209230AS10F9SH1_CH2
ET200SP Safety Inputs,I6150.1
ET200SP Safety Inputs,I6600.5
ET200SP Safety Inputs,209220ASH01F9SH1_CH1
ET200SP Safety Inputs,I5010.7
ET200SP Safety Inputs,209230AS30F9SH1_CH2
ET200SP Safety Inputs,209F9K13_VS
ET200SP Safety Inputs,209000AK03F9QC6_VS
ET200SP Safety Inputs,I5100.7
ET200SP Safety Inputs,209000AS02F9SH1_CH1
ET200SP Safety Inputs,I6150.5
ET200SP Safety Inputs,I6000.6
ET200SP Safety Inputs,I5100.3
ET200SP Safety Inputs,212AF9K1_CH1
ET200SP Safety Inputs,209000AK04F9QC2_VS
ET200SP Safety Inputs,I5500.6
ET200SP Safety Inputs,I5130.3
ET200SP Safety Inputs,I5450.1
ET200SP Safety Inputs,209210CR21M1SG9F
ET200SP Safety Inputs,I5550.6
ET200SP Safety Inputs,209220CR21M1SG1F
ET200SP Safety Inputs,212AF9K1_CH2
ET200SP Safety Inputs,I6000.3
ET200SP Safety Inputs,209000AK04F9QC6_VS
ET200SP Safety Inputs,I5550.2
ET200SP Safety Inputs,I5450.5
ET200SP Safety Inputs,I5500.2
ET200SP Safety Inputs,209210ASH01F9SH1_CH1
ET200SP Safety Inputs,209220CR21M1SG9F
ET200SP Safety Inputs,209220AS10M4SH101F
ET200SP Safety Inputs,I5130.5
ET200SP Safety Inputs,209210ASH01F9SH1_CH2
ET200SP Safety Inputs,I6100.2
ET200SP Safety Inputs,I29006.6
ET200SP Safety Inputs,209220CHB21M14SG1F_CH1
ET200SP Safety Inputs,I5400.1
ET200SP Safety Inputs,209210ASH01F9SH2_CH2
ET200SP Safety Inputs,209000AK01F9SH1_CH1
ET200SP Safety Inputs,I6000.2
ET200SP Safety Inputs,209230ZS01F9SG1_CH2
ET200SP Safety Inputs,I5400.5
ET200SP Safety Inputs,209000AK03F9QC1_VS
ET200SP Safety Inputs,209000AK01F9SH1_CH2
ET200SP Safety Inputs,I29000.2
ET200SP Safety Inputs,209000AK03F9QC5_VS
ET200SP Safety Inputs,209000AS01F9SH1_CH1
ET200SP Safety Inputs,I29000.6
ET200SP Safety Inputs,I5130.1
ET200SP Safety Inputs,209000AK04F9QC1_VS
ET200SP Safety Inputs,I29000.7
ET200SP Safety Inputs,209000AS01F9SH1_CH2
ET200SP Safety Inputs,209F9K13FB
ET200SP Safety Inputs,209000AK04F9QC5_VS
ET200SP Safety Inputs,209210AS40F9SH1_CH1
ET200SP Safety Inputs,209210CS22M4SG10F
ET200SP Safety Inputs,209210AS40F9SH1_CH2
ET200SP Safety Inputs,209210CS22M4SG11F
ET200SP Safety Inputs,I5010.6
ET200SP Safety Inputs,209210AS11F9SH1_CH1
ET200SP Safety Inputs,209210AS10F9SH1_CH2
ET200SP Safety Inputs,212DF9K4_CH1
ET200SP Safety Inputs,I5246.2
ET200SP Safety Inputs,209210ASH01F9SH2_CH1
ET200SP Safety Inputs,I5100.2
ET200SP Safety Inputs,209230ASH01F9SH2_CH2
ET200SP Safety Inputs,212DF9K4_CH2
ET200SP Safety Inputs,209000AK04F9QC3_VS
ET200SP Safety Inputs,209220CS22M4SG11F
ET200SP Safety Inputs,I5100.6
ET200SP Safety Inputs,I6650.3
ET200SP Safety Inputs,I5276.2
ET200SP Safety Inputs,I5130.2
ET200SP Safety Inputs,I6650.7
ET200SP Safety Inputs,I5276.3
ET200SP Safety Inputs,I5010.2
ET200SP Safety Inputs,I29000.3
ET200SP Safety Inputs,I5550.1
ET200SP Safety Inputs,209220ASH01F9SH1_CH2
ET200SP Safety Inputs,209210AS11M4SH101F
ET200SP Safety Inputs,I5550.5
ET200SP Safety Inputs,209230ASH01F9SH1_CH1
ET200SP Safety Inputs,209220CHB21M14SG1F_CH2
ET200SP Safety Inputs,209220ASH01F9SH2_CH1
ET200SP Safety Inputs,209220AS11F9SH1_CH1
ET200SP Safety Inputs,209000AS02F9SH1_CH2
ET200SP Safety Inputs,209210AS10M4SH101F
ET200SP Safety Inputs,209210AS20XS10
ET200SP Safety Inputs,209230ASH01F9SH1_CH2
ET200SP Safety Inputs,I6100.3
ET200SP Safety Inputs,209220ASH01F9SH2_CH2
ET200SP Safety Inputs,209220AS11F9SH1_CH2
ET200SP Safety Inputs,I5010.1
ET200SP Safety Inputs,209210AS10F9SH1_CH1
ET200SP Safety Inputs,I29006.3
ET200SP Safety Inputs,I5600.5
ET200SP Safety Inputs,209230ZS01F9SG1_CH1
ET200SP Safety Inputs,209220AS11M4SH101F
ET200SP Safety Inputs,209230AS30F9SH2_CH1
ET200SP Safety Inputs,209230ASH01F9SH2_CH1
ET200SP Safety Inputs,I6150.0
ET200SP Safety Inputs,I5010.5
ET200SP Safety Inputs,209000AK03F9QC4_VS
ET200SP Safety Inputs,I29006.7
ET200SP Safety Inputs,209220CS22M4SG10F
ET200SP Safety Inputs,209230AS30F9SH2_CH2
ET200SP Safety Inputs,I6150.4
ET200SP Safety Inputs,I5100.1
ET200SP Safety Inputs,I5246.3
ET200SP Safety Inputs,212AF9K13_CH1
ET200SP Safety Inputs,209220AS10F9SH1_CH1
ET200SP Safety Inputs,I5100.5
ET200SP Safety Inputs,I6000.1
ET200SP Safety Inputs,209000AK04F9QC4_VS
ET200SP Safety Inputs,209210CHB21M14SG1F_CH1
ET200SP Safety Inputs,I5500.1
ET200SP Safety Inputs,209210AS41F9SH1_CH1
ET200SP Safety Inputs,212AF9K13_CH2
ET200SP Safety Inputs,209220AS10F9SH1_CH2
ET200SP Safety Inputs,I5130.6
ET200SP Safety Outputs,209F9KE12
ET200SP Safety Outputs,209F9K13
ET200SP Safety Outputs,209000AK04F9QC4
ET200SP Safety Outputs,Q5276.3
ET200SP Safety Outputs,209000AK04F9QC2
ET200SP Safety Outputs,209000AK04F9QC3
ET200SP Safety Outputs,209F9KE2.1
ET200SP Safety Outputs,Q29012.3
ET200SP Safety Outputs,Q29012.2
ET200SP Safety Outputs,209000AK04F9QC5
ET200SP Safety Outputs,209000AK03F9QC4
ET200SP Safety Outputs,209000AK04F9QC6
ET200SP Safety Outputs,209F9KE11
ET200SP Safety Outputs,Q5276.2
ET200SP Safety Outputs,209000AK03F9QC5
ET200SP Safety Outputs,Q29018.3
ET200SP Safety Outputs,209000AK03F9QC6
ET200SP Safety Outputs,209F9KE1
ET200SP Safety Outputs,Q5246.3
ET200SP Safety Outputs,Q5246.2
ET200SP Safety Outputs,209000AK03F9QC1
ET200SP Safety Outputs,209000AK03F9QC2
ET200SP Safety Outputs,209000AK04F9QC1
ET200SP Safety Outputs,209000AK03F9QC3
General,SimulationAlwaysFALSE
General,50Ms
General,NotUsedDWord
General,WaitForSecAckPassivation
General,NotUsedSInt
General,10000Ms
General,GlobalManualSel
General,CPUOB1Execution
General,CPUOB100Execution
General,"Blink_0,1s"
General,"Blink_2,0s"
General,NotUsedTime
General,CPUOB40Execution
General,CPUOB57Execution
General,CPUOB122Execution
General,"Blink_0,8s"
General,FALSE
General,CPUOB35Execution
General,CPUSystemTime
General,CPUOB61Execution
General,CPUOB64Execution
General,Functional
General,CPUSystemYear
General,"Pulse_0,5s"
General,100Ms
General,FirstScanOB34
General,CPUOB80Execution
General,PlantId
General,CPUSystemMin
General,"Pulse_2,0s"
General,Zero
General,CPUOB84Execution
General,CalibrateTransfer
General,HMIBtnResetSeqResetTM
General,NotUsedUSInt
General,"Blink_0,2s"
General,ResetVisuCheck
General,500Ms
General,NotUsedLInt
General,"Blink_1,0s"
General,NotUsedDInt
General,DiagStatusUpdate
General,"Pulse_1,0s"
General,CPUOB10Execution
General,SimulationAlwaysTRUE
General,"Pulse_0,2s"
General,NotUsedBool
General,CPUOB83Execution
General,CPUSystemTimeDINT
General,NotUsedUInt
General,VDComConnected
General,CPUOB34Execution
General,CPUOB20Execution
General,"Blink_0,5s"
General,TRUE
General,SimulationActive
General,CPUSystemMonth
General,CPUOB56Execution
General,NotUsedULInt
General,CPUSystemSec
General,"Pulse_0,4s"
General,Cycletime
General,CPUOB63Execution
General,GeneralReset
General,CPUOB86Execution
General,NotUsedWord
General,"Pulse_1,6s"
General,CPUSystemHourMin
General,CPUOB72Execution
General,DayLightSavingTime
General,ScreenSaver
General,ResetPassivationAckGen
General,Clock_Byte
General,DisableIOAlarm
General,PLCStatus
General,1000Ms
General,CalibrateMovUnits
General,1Ms
General,5000Ms
General,CPUOB55Execution
General,CPUOB102Execution
General,FirstScan
General,"Blink_0,4s"
General,CPUOB87Execution
General,CPUOB70Execution
General,NotUsedReal
General,WaitForSecAckGen
General,CPUOB62Execution
General,CPUOB32Execution
General,"Pulse_0,1s"
General,"Blink_1,6s"
General,GlobalAutoSel
General,CPUOB121Execution
General,CPUOB81Execution
General,NotUsedLReal
General,CPUSystemHour
General,NotUsedByte
General,CPUOB71Execution
General,NotUsedUDInt
General,CPUSystemMillisec
General,CPUSystemDay
General,"Pulse_0,8s"
General,System_Byte
General,CPUWeekNumber
General,CPUOB85Execution
General,Bugfix
General,CPUSystemWeekday
General,CPUOB82Execution
General,Language
General,ResetSafetyAckGen
General,Reserved
General,CPUOB101Execution
General,ShopId
General,NotUsedInt
General,Internal
General,LVccLibVersion
MGB Doors Safety Inputs,209230ASD01_FI
MGB Doors Safety Outputs,209230ASD01_FO
PLC212 DP/DP Inputs,PLC212_R230.03Extra
PLC212 DP/DP Inputs,PLC212_R228.02
PLC212 DP/DP Inputs,PLC212_212D_Modes
PLC212 DP/DP Inputs,PLC212_R228.01Extra
PLC212 DP/DP Inputs,PLC212_212A_Modes
PLC212 DP/DP Inputs,PLC212_R228.01
PLC212 DP/DP Inputs,PLC212_R228.02Extra
PLC212 DP/DP Inputs,PLC212_R230.03
PLC212 DP/DP Outputs,PLC212_209220CR23Extra
PLC212 DP/DP Outputs,PLC212_209220CR23
PLC212 DP/DP Outputs,PLC212_209220ZMS013
PLC212 DP/DP Outputs,PLC212_209210CR23
PLC212 DP/DP Outputs,PLC212_209230CA21
PLC212 DP/DP Outputs,PLC212_209210CR23Extra
PLC212 DP/DP Outputs,PLC212_209230CA21Extra
PLC212 DP/DP Outputs,PLC212_209210ZMS013
PLC212 DP/DP Outputs,PLC212_209230ZM01
PLC308 PN/PN Inputs,PLC308_308210ZM01Mode
PLC308 PN/PN Inputs,PLC308_308240ZM01Mode
PLC308 PN/PN Inputs,PLC308_308LiveBitInput
PLC308 PN/PN Inputs,PLC308_308220ZM01IAnim
PLC308 PN/PN Inputs,PLC308_308210ZS01AccessStopRequest
PLC308 PN/PN Inputs,PLC308_308220AS30StartPB
PLC308 PN/PN Inputs,PLC308_308230ZS01AccessStopRequest
PLC308 PN/PN Inputs,PLC308_308220ZM01Mode
PLC308 PN/PN Inputs,PLC308_308240ZM01IAnim
PLC308 PN/PN Inputs,PLC308_308220CR28
PLC308 PN/PN Inputs,PLC308_308240AS30ResetPB
PLC308 PN/PN Inputs,PLC308_308220CR25
PLC308 PN/PN Inputs,PLC308_308240CR27
PLC308 PN/PN Inputs,PLC308_308210ZS01SafetyOk
PLC308 PN/PN Inputs,PLC308_308240AS30StartPB
PLC308 PN/PN Inputs,PLC308_308240AS30StopPB
PLC308 PN/PN Inputs,PLC308_308220AS30ResetPB
PLC308 PN/PN Inputs,PLC308_308220AS30StopPB
PLC308 PN/PN Inputs,PLC308_308210ZS01PowerOnRequest
PLC308 PN/PN Inputs,PLC308_308210ZS01ResetSafety
PLC308 PN/PN Outputs,PLC308_209230NCB01_Routing
PLC308 PN/PN Outputs,PLC308_209210CR21
PLC308 PN/PN Outputs,PLC308_209220ZMS011IAnim
PLC308 PN/PN Outputs,PLC308_209220ZMS011AccessStopReached
PLC308 PN/PN Outputs,PLC308_209220ZMS011Mode
PLC308 PN/PN Outputs,PLC308_209230AS30_ResetPB
PLC308 PN/PN Outputs,PLC308_209220CR21
PLC308 PN/PN Outputs,PLC308_209230CR22
PLC308 PN/PN Outputs,PLC308_209230AS30_StopPB
PLC308 PN/PN Outputs,PLC308_209210ZS01PowerOnRequest
PLC308 PN/PN Outputs,PLC308_209210ZS01SafetyOk
PLC308 PN/PN Outputs,PLC308_209230ZM01IAnim
PLC308 PN/PN Outputs,PLC308_209230ZM01Mode
PLC308 PN/PN Outputs,PLC308_209210ZS01ResetSafety
PLC308 PN/PN Outputs,PLC308_209230ZS01AccessStopRequest
PLC308 PN/PN Outputs,PLC308_209210ZMS011IAnim
PLC308 PN/PN Outputs,PLC308_209220ZS01SafetyOk
PLC308 PN/PN Outputs,PLC308_209210ZMS011AccessStopReached
PLC308 PN/PN Outputs,PLC308_209220ZS01ResetSafety
PLC308 PN/PN Outputs,PLC308_209220ZS01PowerOnRequest
PLC308 PN/PN Outputs,PLC308_LiveBitOutput
PLC308 PN/PN Outputs,PLC308_209230AS30_StartPB
PLC308 PN/PN Outputs,PLC308_209210ZMS011Mode
