Group Name,Block Name
Program blocks,Changes
PLC OB:s,CYC_Proc
PLC OB:s,COMPLETE RESTART
PLC OB:s,CYCL_FLT
PLC OB:s,HW_INT0
PLC OB:s,I/O_FLT1
PLC OB:s,I/O_FLT2
PLC OB:s,MOD_ERR
PLC OB:s,PROG_ERR
PLC OB:s,RACK_FLT
PLC OB:s,CYC_INT2
PLC OB:s,FOB_RTG
PLC OB:s,CYC_INT5
PLC OB:s,209000NCP01
PLC OB:s,Cyclic interrupt
ComVD,_209000NCP01ComVD
Alarm Communication,_209000NCP01VDComMasterAlarmReportSnd
Alarm Communication,_209000NCP01VDComMasterAlarmReportRcv
Alarm Communication,_209000NCP01VDComLocalAlarmReportRcv
Alarm Communication,_209000NCP01VDComLocalAlarmReportSnd
Alarm Communication,_209000NCP01Alarm
Instance,_209000NCP01VDMasterAlarmReport
Instance,_209000NCP01AlarmHandler
VIDS Communication,_209000NCP01VDComMasterVIDSRcv
VIDS Communication,_209000NCP01VDComMasterVIDSSnd
VIDS Communication,_209210NCB01VDComLocalVIDSRcv
VIDS Communication,_209210NCB01VDComLocalVIDSSnd
VIDS Communication,_209210NCB02VDComLocalVIDSRcv
VIDS Communication,_209220NCB02VDComLocalVIDSSnd
VIDS Communication,_209220NCB01VDComLocalVIDSRcv
VIDS Communication,_209210NCB02VDComLocalVIDSSnd
VIDS Communication,_209220NCB02VDComLocalVIDSRcv
VIDS Communication,_209220NCB01VDComLocalVIDSSnd
VIDS Communication,_209230NCB01VDComLocalVIDSRcv
VIDS Communication,_209230NCB01VDComLocalVIDSSnd
Instance,_209000NCP01VDMasterVIDS
Andon Communication,_209000NCP01VDComMasterAndonSnd
Andon Communication,_209000NCP01VDComMasterAndonRcv
Andon Communication,_209230ZM01VDComLocalAndonSnd
Andon Communication,_209220ZM01VDComLocalAndonRcv
Andon Communication,_209230ZM01VDComLocalAndonRcv
Andon Communication,_209210ZM01VDComLocalAndonRcv
Andon Communication,_209220ZM01VDComLocalAndonSnd
Andon Communication,_209210ZM01VDComLocalAndonSnd
Instance,_209000NCP01VDMasterAndonVCG
Cycle Monitor Communication,_209000NCP01VDComMasterCycletimeSnd
Cycle Monitor Communication,_209000NCP01VDComMasterCycleTimeRcv
Instance,_209000NCP01MasterCycleMonitor
Instance,_209000NCP01VDMasterAtacq
Instance,_209000NCP01VDMasterLogistics
Phone Alarm Communication,_209000NCP01VDComMasterPhoneAlarmSnd
Phone Alarm Communication,_209000NCP01VDComMasterPhoneAlarmRcv
Phone Alarm Communication,_209000NCP01VDComPhoneAlarmReqStringSnd
Phone Alarm Communication,_209000NCP01VDComPhoneAlarmReqStringRcv
Instance,_209000NCP01PhoneAlarmReqString
Instance,_209000NCP01VDMasterPhoneAlarm
Supervision Communication,_209210ZM01StnToSv
Supervision Communication,_209220ZM01StnToSv
Supervision Communication,_209210ZM01SvToStn
Supervision Communication,_209220ZM01SvToStn
Supervision Communication,_209230ZM01StnToSv
Supervision Communication,_209230ZM01SvToStn
AE,_209000NCP01AE
Instance,_209000AE01E1QM1
Instance,_209000AE01E2SG1
Instance,_209000AE01E3CE1
Instance,_209000AE01E3EG1
Instance,_209000AE01E3FS31
Instance,_209000AE01E3FS01_CH1
Instance,_209000AE01E3FS01_CH2
Instance,_209000AE01E3FS02_CH1
Instance,_209000AE01E3FS02_CH2
Instance,_209000AE01E3FS03_CH1
Instance,_209000AE01E3FS03_CH2
Instance,_209000AE01E3FS04_CH1
Instance,_209000AE01E3FS04_CH2
Instance,_209000AE01E3FV1
Instance,_209000AE01EL1
Instance,_209000AE01JC31
Instance,_209000AE02E2SG1
Instance,_209000AE01E3FS05_CH1
Instance,_209000AE01E3FS05_CH2
Instance,_209000AE01QC1
OB,_209000NCP01
OB,_209000NCP01Dummy
Instance,_ProductionMode
Instance,_SystemVarS7-1500
Instance,_HMIResetStart
Instance,_FromBridge
Instance,_ActiveShift
Instance,_209000AK01Led
Diag,_DiagPLCOverview
Instance,_PNDiagS7-1500
Instance,_PNDiagS7-1500_IP
Instance,_PNDiagS7-1500_MAC
Instance,_PNDiagS7-1500_Name
PN/PN,_PNComPLC308
Instance,_PNComPLC308LPNDiag
Instance,_PNComPLC308LPNCheck
Passivation,_209000NCP01Passiv
Instance,_HMIResetPassivation
Instance,_209000AK01JX35IF5010
Instance,_211212AE1JX200QF29018
Instance,_211212AE1JX200QF29012
Instance,_211212AE1JX200IF29006
Instance,_211212AE1JX200IF29000
Instance,_209000AS02JX39IF5130
Instance,_209000AS01JX38IF5100
AK,_209000NCP01AK
Instance,_209000AK01E1QM1
Instance,_209000AK01E1QM4
Instance,_209000AK02E3EG2
Instance,_209000AK02E3FV2
Instance,_209000AK01E1QM6
Instance,_209000AK01E2FS1
Instance,_209000AK01E2FS2
Instance,_209000AK01E2FS3
Instance,_209000AK01E2FS4
Instance,_209000AK01E2FS5
Instance,_209000AK01E2FS6
Instance,_209000AK01E2FS7
Instance,_209000AK03EL1
Instance,_209000AK01E2SG1
Instance,_209000AK02E2SG1
Instance,_209000AK03E2SG1
Instance,_209000AK04E2SG1
Instance,_209000AK01E1FV1
Instance,_209000AK01E2FV1
Instance,_209000AK02E3FS50_CH1
Instance,_209000AK02E3FS50_CH2
Instance,_209000AK02E3FS51_CH1
Instance,_209000AK02E3FS51_CH2
Instance,_209000AK02E3FS52_CH1
Instance,_209000AK02E3FS52_CH2
Instance,_209000AK02E3FS53_CH1
Instance,_209000AK02E3FS53_CH2
Instance,_209000AK02E3FS54_CH1
Instance,_209000AK02E3FS54_CH2
Instance,_209000AK02E3FS55_CH2
Instance,_209000AK02E3FS56_CH2
Instance,_209000AK02E3FS57_CH1
Instance,_209000AK02E3FS57_CH2
Instance,_209000AK02JC32
Instance,_209000AK01QC1
PNIODiag,_209000NCP01PNIODiag
PNIODiag,_209000NCP01PNIODiagList
Instance,_209000AE01-JC31
Instance,_209000AE02-JW208
Instance,_209000AE02-JW210
Instance,_209000AE02-JW211
Instance,_209000AK01E1-BE30
Instance,_209000AK01-JW35
Instance,_209000AK02-JC32
Instance,_209000AK03-JW36
Instance,_209000AK04-JW37
Instance,_209000AS01-JW38
Instance,_209000AS02-JW39
Instance,_211212AE1-JW200
INTLK,_INTLK
DP/DP,_DPComPLC212
Instance,_DPComPLC212LDPCheck
Instance,_212AAccessStopRequest
Safety,_209000NCP01Safety
Safety,_209000NCP01ComSafety
Instance,_SafetyCheck
Instance,_209000AK01F9SH1
Instance,_209000AS01F9SH1
Instance,_209000AS02F9SH1
Alarm DB's,_209000NCP01Alarms
Alarm DB's,_209000NCP01AlarmsCompare
Alarm DB's,_209220ZM01Alarms
Alarm DB's,_209210ZM01Alarms
Alarm DB's,_209230ZM01Alarms
Alarm DB's,_209220ZM01AlarmsCompare
Alarm DB's,_209210ZM01AlarmsCompare
Alarm DB's,_209230ZM01AlarmsCompare
Config,_209000NCP01Config
AS,_209000NCP01AS
Instance,_209000AS02ST1
Instance,_209000AS01Led
Instance,_209000AS01ST1
Instance,_209000AS02Led
Instance,_209000AS02StackLight
Instance,_209000AS01StackLight
Enable Alarms,_209000NCP01EnableAlarms
Failsafe,_F209220ZS01Input
Failsafe,_F209220ZS01Logic
Failsafe,_F209220ZS01Output
Failsafe,_F209210ZS01Input
Failsafe,_F209230ZS01Input
Failsafe,_F209000NCP01EstpInput
Failsafe,_F209210ZS01Logic
Failsafe,_F209230ZS01Logic
Failsafe,_F209000NCP01Safety
Failsafe,_F209230ZS01Output
Failsafe,_F209210ZS01Output
Instance,_FSafety
209210ZS01,_209210ZS01
209210ZS01,_209210ZS01AEAK
209210ZS01,_209210ZS01Safety
209210ZS01,_209210ZS01Passiv
209210ZS01,_209210ZS01PNIODiag
209210ZS01,_209210ZS01AS
Instance,_209000AK01E1QM10
Instance,_209000AK01E1QM11
Instance,_209000AK02E3FS55_CH1
Instance,_209000AK02E3FS100_CH1
Instance,_209000AK02E3FS100_CH2
Instance,_209000AK02E3FS101_CH1
Instance,_209000AK02E3FS101_CH2
Instance,_209000AK02E3FS102_CH1
Instance,_209000AK02E3FS102_CH2
Instance,_209000AK02E3FS103_CH1
Instance,_209000AK02E3FS103_CH2
Instance,_209000AE01E3FS07_CH1
Instance,_209000AE01E3FS07_CH2
Instance,_209000AE01E3FS08_CH1
Instance,_209000AE01E3FS08_CH2
Instance,_209210ZS01EmergencyStop
Instance,_209210ZS01FbkError
Instance,_209210ZS01GateStop
Instance,_209210ZS01HMIResetStart
Instance,_209210ZS01ModeSummary
Instance,_209210ZS01SafetyNotReseted
Instance,_209000AK03JX36QF5240
Instance,_209000AK03JX36QF5246
Instance,_209000AK03M1UE130
Instance,_209000AK03M1UE133
Instance,_209000AK03M4UE131
Instance,_209000AK03M4UE132
Instance,_209210AS10JX40IF5400
Instance,_209210AS11JX42IF5500
Instance,_209210AS20JX48IF5600
Instance,_209210AX01JX41IF5450
Instance,_209210AX02JX43IF5550
Instance,_209210CHB21M14UE134
Instance,_209210AX02-JW43
Instance,_209210CWP10-JX44
Instance,_209210CWP10-JX45
Instance,_209210CWP20-JX46
Instance,_209210CWP20-JX47
Instance,_209210AS20-JW48
Instance,_209000AK03M1-UE130
Instance,_209000AK03M4-UE131
Instance,_209000AK03M4-UE132
Instance,_209000AK03M1-UE133
Instance,_209210CHB21M14-UE134
Instance,_209210Field-JW221
Instance,_209210Field-JW231
Instance,_209210AS10-JW40
Instance,_209210AX01-JW41
Instance,_209210AS11-JW42
Instance,_209210AS10ZMS011StartLed
Instance,_209210AS10StackLight
Instance,_209210AS11ZMS012StartLed
Instance,_209210AS11StackLight
Instance,_209210AS20Led
Instance,_209210AS40Led
Instance,_209210ASH01
Instance,_209210ASH01Led
Instance,_209000AK03F9QC1FB
Instance,_209000AK03F9QC2FB
Instance,_209000AK03F9QC3FB
Instance,_209000AK03F9QC4FB
Instance,_209000AK03F9QC5FB
Instance,_209000AK03F9QC6FB
Instance,_209210AS10F9SH1
Instance,_209210AS11F9SH1
Instance,_209210AS20F9SH1
Instance,_209210AS40F9SH1
Instance,_209210AS41F9SH1
Instance,_209210ASH01F9SH1
Instance,_209210ASH01F9SH2
Instance,_209210CS22M4SG10F
Instance,_209210CS22M4SG11F
Instance,_209210ZS01EStopPLC212
Instance,_209210ZS01EStopPLC308
Instance,_209210ZS01MStopPLC212
Instance,_209210ZS01MStopPLC308
Instance,_209210CHB21M14SG1F
Instance,_209210AS10ZMS012StartLed
Instance,_209210AS10ResetLed
Instance,_209210AS11ZMS013StartLed
Instance,_209210AS11ResetLed
Instance,_209210AS20XS10
Instance,_209000AK03E1QM130
Instance,_209000AK03E1QM133
Instance,_209210AS41Led
209210ZM01,_209210ZMS011Modes
209210ZM01,_209210ZM01Config
209210ZM01,_209210ZM01DataHandling
209210ZM01,_209210ZMS013Modes
209210ZM01,_209210ZMS012Modes
209210ZM01,_209210ZM01Orders
209210ZM01,_209210ZM01
209210ZM01,_209210ZM01Andon
Instance,_209210ZMS011_GeneralFunc
Instance,_209210ZMS011_Mode
Instance,_209210ZMS011_ModeSelector
Instance,_209210ZMS011_ProductionMode
Instance,_209210ZMS012_GeneralFunc
Instance,_209210ZMS012_Mode
Instance,_209210ZMS012_ModeSelector
Instance,_209210ZMS012_ProductionMode
Instance,_209210ZMS013_GeneralFunc
Instance,_209210ZMS013_Mode
Instance,_209210ZMS013_ModeSelector
Instance,_209210ZMS013_ProductionMode
Instance,_209210NCB01VIDSMaster
Instance,_209210NCB01VIDSRFID
Instance,_209210NCB01VIDSTracking
Instance,_209210NCB02VIDSMaster
Instance,_209210NCB02VIDSRFID
Instance,_209210NCB02VIDSTracking
Instance,_209210NCB01TagSeq
Instance,_209210NCB02TagSeq
Instance,_209210ZM01AndonReq
Instance,_209210ZM01BodyCounter
Instance,_209210ZM01CommToSv
Instance,_209210ZM01ModeSummary
Instance,_209210CS22LineFeed
Instance,_209210CS22ProdInfo
Instance,_209210CS22ProdSpeed
Instance,_209210CS22ProdStartStop
Instance,_209210CS22ShiftRegLine
Instance,_209210CWP11SH01AndonHCall
Instance,_209210CWP12SH01AndonHCall
Instance,_209210CWP13SH01AndonHCall
Instance,_209210CWP14SH01AndonHCall
Instance,_209210CWP15SH01AndonHCall
Instance,_209210CWP16SH01AndonHCall
Instance,_209210CWP21SH01AndonHCall
Instance,_209210CWP22SH01AndonHCall
Instance,_209210CWP23SH01AndonHCall
Instance,_209210CWP24SH01AndonHCall
Instance,_209210CWP25SH01AndonHCall
Instance,_209210CWP26SH01AndonHCall
Instance,_209210ZM01Counter1Week
Instance,_209210ZM01CRClockStartStop
Instance,_209210CHB21
Instance,_209210CR21
Instance,_209210CR23
Instance,_209210CS22
Instance,_209210NCB02VIDSQualityRequest
Instance,_209210CS22M4SG40
Instance,_209210CS22M4SG41
Instance,_209210CHB21M14SG2
Sequences,_209210NCB01TagSequence
Sequences,_209210NCB02TagSequence
209220ZS01,_209220ZS01
209220ZS01,_209220ZS01AEAK
209220ZS01,_209220ZS01Safety
209220ZS01,_209220ZS01AS
209220ZS01,_209220ZS01Passiv
209220ZS01,_209220ZS01PNIODiag
Instance,_209000AE01E3FS10_CH1
Instance,_209000AE01E3FS10_CH2
Instance,_209000AE01E3FS11_CH1
Instance,_209000AE01E3FS11_CH2
Instance,_209000AK01E1QM12
Instance,_209000AK01E1QM13
Instance,_209000AK02E3FS56_CH1
Instance,_209000AK02E3FS200_CH1
Instance,_209000AK02E3FS200_CH2
Instance,_209000AK02E3FS201_CH1
Instance,_209000AK02E3FS201_CH2
Instance,_209000AK02E3FS202_CH1
Instance,_209000AK02E3FS202_CH2
Instance,_209000AK02E3FS203_CH1
Instance,_209000AK02E3FS203_CH2
Instance,_209220ZS01EmergencyStop
Instance,_209220ZS01FbkError
Instance,_209220ZS01GateStop
Instance,_209220ZS01HMIResetStart
Instance,_209220ZS01ModeSummary
Instance,_209220ZS01SafetyNotReseted
Instance,_209000AK04JX37QF5270
Instance,_209000AK04JX37QF5276
Instance,_209000AK04M1UE140
Instance,_209000AK04M1UE143
Instance,_209000AK04M4UE141
Instance,_209000AK04M4UE142
Instance,_209220AS10JX50IF6000
Instance,_209220AS11JX52IF6100
Instance,_209220AS20JX58IF6200
Instance,_209220AX01JX51IF6050
Instance,_209220AX02JX53IF6150
Instance,_209220CHB21M14UE144
Instance,_209220AS10-JW50
Instance,_209220AX01-JW51
Instance,_209220AS11-JW52
Instance,_209220AX02-JW53
Instance,_209220CWP10-JX54
Instance,_209220CWP10-JX55
Instance,_209220CWP20-JX56
Instance,_209220CWP20-JX57
Instance,_209220AS20-JW58
Instance,_209000AK04M1-UE140
Instance,_209000AK04M4-UE141
Instance,_209000AK04M4-UE142
Instance,_209000AK04M1-UE143
Instance,_209220CHB21M14-UE144
Instance,_209220Field-JW222
Instance,_209220Field-JW232
Instance,_209220AS10ZMS011StartLed
Instance,_209220AS10StackLight
Instance,_209220AS11ZMS012StartLed
Instance,_209220AS20Led
Instance,_209220AS40Led
Instance,_209220ASH01Led
Instance,_209220AS11StackLight
Instance,_209220ASH01
Instance,_209000AK04F9QC1FB
Instance,_209000AK04F9QC2FB
Instance,_209000AK04F9QC3FB
Instance,_209000AK04F9QC4FB
Instance,_209000AK04F9QC5FB
Instance,_209000AK04F9QC6FB
Instance,_209220AS10F9SH1
Instance,_209220AS11F9SH1
Instance,_209220AS20F9SH1
Instance,_209220AS40F9SH1
Instance,_209220ASH01F9SH1
Instance,_209220ASH01F9SH2
Instance,_209220CS22M4SG10F
Instance,_209220CS22M4SG11F
Instance,_209220ZS01EStopPLC212
Instance,_209220ZS01EStopPLC308
Instance,_209220ZS01MStopPLC212
Instance,_209220ZS01MStopPLC308
Instance,_209220CHB21M14SG1F
Instance,_209220AS10ZMS012StartLed
Instance,_209220AS10ResetLed
Instance,_209220AS11ZMS013StartLed
Instance,_209220AS11ResetLed
Instance,_209220AS20XS10
Instance,_209000AK04E1QM140
Instance,_209000AK04E1QM143
209220ZM01,_209220ZMS011Modes
209220ZM01,_209220ZM01
209220ZM01,_209220ZM01Config
209220ZM01,_209220ZM01DataHandling
209220ZM01,_209220ZMS012Modes
209220ZM01,_209220ZMS013Modes
209220ZM01,_209220ZM01Orders
209220ZM01,_209220ZM01Andon
Instance,_209220ZMS011_GeneralFunc
Instance,_209220ZMS011_Mode
Instance,_209220ZMS011_ModeSelector
Instance,_209220ZMS011_ProductionMode
Instance,_209220ZMS012_GeneralFunc
Instance,_209220ZMS012_Mode
Instance,_209220ZMS012_ModeSelector
Instance,_209220ZMS012_ProductionMode
Instance,_209220ZMS013_GeneralFunc
Instance,_209220ZMS013_Mode
Instance,_209220ZMS013_ModeSelector
Instance,_209220ZMS013_ProductionMode
Instance,_209220NCB01VIDSMaster
Instance,_209220NCB01VIDSRFID
Instance,_209220NCB01VIDSTracking
Instance,_209220NCB02VIDSMaster
Instance,_209220NCB02VIDSRFID
Instance,_209220NCB02VIDSTracking
Instance,_209220NCB01TagSeq
Instance,_209220NCB02TagSeq
Instance,_209220ZM01AndonReq
Instance,_209220ZM01BodyCounter
Instance,_209220ZM01CommToSv
Instance,_209220ZM01ModeSummary
Instance,_209220CS22LineFeed
Instance,_209220CS22ProdInfo
Instance,_209220CS22ProdSpeed
Instance,_209220CS22ProdStartStop
Instance,_209220CS22ShiftRegLine
Instance,_209220CWP11SH01AndonHCall
Instance,_209220CWP12SH01AndonHCall
Instance,_209220CWP13SH01AndonHCall
Instance,_209220CWP14SH01AndonHCall
Instance,_209220CWP15SH01AndonHCall
Instance,_209220CWP16SH01AndonHCall
Instance,_209220CWP21SH01AndonHCall
Instance,_209220CWP22SH01AndonHCall
Instance,_209220CWP23SH01AndonHCall
Instance,_209220CWP24SH01AndonHCall
Instance,_209220CWP25SH01AndonHCall
Instance,_209220CWP26SH01AndonHCall
Instance,_209220ZM01Counter1Week
Instance,_209220ZM01CRClockStartStop
Instance,_209220CHB21
Instance,_209220CR21
Instance,_209220CR23
Instance,_209220CS22
Instance,_209220CS22M4SG40
Instance,_209220CS22M4SG41
Instance,_209220NCB02VIDSQualityRequest
Instance,_209220CHB21M14SG2
Sequences,_209220NCB01TagSequence
Sequences,_209220NCB02TagSequence
209230ZS01,_209230ZS01
209230ZS01,_209230ZS01Safety
209230ZS01,_209230ZS01Passiv
209230ZS01,_209230ZS01PNIODiag
209230ZS01,_209230ZS01AEAK
209230ZS01,_209230ZS01AS
Instance,_209230ZS01EmergencyStop
Instance,_209230ZS01FbkError
Instance,_209230ZS01GateStop
Instance,_209230ZS01HMIResetStart
Instance,_209230ZS01ModeSummary
Instance,_209230ZS01SafetyNotReseted
Instance,_209000AK01E1QM14
Instance,_209000AK02E3FS300_CH1
Instance,_209000AK02E3FS300_CH2
Instance,_209000AK02E3FS301_CH1
Instance,_209000AK02E3FS301_CH2
Instance,_209000AK02E3FS302_CH1
Instance,_209000AK02E3FS302_CH2
Instance,_209000AK02E3FS303_CH1
Instance,_209000AK02E3FS303_CH2
Instance,_209000AE01E3FS13_CH1
Instance,_209000AE01E3FS13_CH2
Instance,_209230AS10JX60IF6600
Instance,_209230AX01JX61IF6650
Instance,_209230CA21M4UE150
Instance,_209230CHB21M14UE151
Instance,_209230CHB22M14UE152
Instance,_209230CR22M1UE153
Instance,_209230ASD01JW190
Instance,_209230AS10-JW60
Instance,_209230AX01-JW61
Instance,_209230CA21M4-UE150
Instance,_209230CHB21M14-UE151
Instance,_209230CHB22M14-UE152
Instance,_209230CR22M1-UE153
Instance,_209230ASD01-JW190
Instance,_209230Field-JW223
Instance,_209230AS10Led
Instance,_209230AS10StackLight
Instance,_209230AS30Led
Instance,_209230ASH01
Instance,_209230ASH01Led
Instance,_209230AS10F9SH1
Instance,_209230AS30F9SH1
Instance,_209230ASD01F9SH1
Instance,_209230ASH01F9SH1
Instance,_209230ASH01F9SH2
Instance,_209230ZS01EStopPLC212
Instance,_209230ZS01F9SG1
Instance,_209230ZS01MStopPLC212
Instance,_209230ZS01MStopPLC308
Instance,_209230ASD01
Instance,_209230ASD01Led
Instance,_209230AS10XS10
Instance,_209F9K13FB
209230ZM01,_209230ZM01Modes
209230ZM01,_209230ZM01
209230ZM01,_209230ZM01Config
209230ZM01,_209230ZM01Orders
209230ZM01,_209230ZM01DataHandling
Instance,_209230ZM01_GeneralFunc
Instance,_209230ZM01_Mode
Instance,_209230ZM01_ModeSelector
Instance,_209230ZM01_ProductionMode
Instance,_209230NCB01VIDSMaster
Instance,_209230NCB01VIDSRFID
Instance,_209230NCB01VIDSTracking
Instance,_209230NCB01TagSeq
Instance,_209230ZM01AndonReq
Instance,_209230ZM01BodyCounter
Instance,_209230ZM01CommToSv
Instance,_209230CHB21
Instance,_209230CHB22
Instance,_209230CA21
Instance,_209230CR22
Instance,_209230CA21M4SG1
Instance,_209230CA21M4SG2
Instance,_209230CA21M4SG3
Instance,_209230CA21M4SG4
Instance,_209230CA21M4SG5
Instance,_209230CA21M4SG9
Instance,_209230CA21M4BufferFull
Sequences,_209230NCB01TagSequence
PLC Safety,FSafety
PLC Safety,F209000NCP01EstpInput
PLC Safety,F209220ZS01Input
PLC Safety,F209220ZS01Logic
PLC Safety,F209220ZS01Output
PLC Safety,F209210ZS01Input
PLC Safety,F209210ZS01Logic
PLC Safety,F209210ZS01Output
PLC Safety,F209230ZS01Output
PLC Safety,F209230ZS01Input
PLC Safety,F209230ZS01Logic
FB Function,LTimer
FB Function,LAcofDet
FB Function,LHMIResetStart
FB Function,LChangeOfState
FB Function,LToggle
FB Function,LUps-Puls
FB Function,LGeneralReverse
FB Function,L1SignalHmi
FB Function,LGapControlAlarm
FB Function,LGenHooterFlash
FB Function,LPartDet
FB Function,LPartSensor
FB Function,LPulse
FB Function,LPulsesGenerator
FB Function,LRedundantDet
FB Function,LUps-M
FB Function,LConditionDelay
Animation,LIAnimDWord
Animation,LSimpleIAnim
Animation,LAlarmDword
Animation,LHmiInterface
Animation,LModeIAnim
Animation,LMultiIAnim
Animation,LComplexIAnim
Animation,LProcessIAnim
Animation,LHmiLed
Control,LDWordToBit
Control,LBitToDword
Control,LBitToWord
Control,LWordToBit
Control,LAlarmSummary
Control,LInc
Control,LETAFuseName
Control,LInstanceName
Control,LIncInt
Control,LBitToInt
Control,LIntToBit
Control,LAlarmSummaryInit
Control,LAlarmSummaryMerge
Data,LDBCompare
Data,LWeekNumberS7-1500
Communication,LVD-Config
AlarmHandling,LETAFuseModule01_08_CPC20PN-Config
AlarmHandling,LETAFuseModule09_16_CPC20PN-Config
AlarmHandling,LETAFuseModule17_24_CPC20PN-Config
AlarmHandling,LETAFuseModule25_32_CPC20PN-Config
Supervision,CommStnS7Sv
FB Actuator,L2StopPos
FB Actuator,L3StopPos
FB AlarmHandling,L1Alarm
FB AlarmHandling,L1AlarmMultiIn
FB AlarmHandling,L1SafetyAlarm
FB AlarmHandling,L1SafetyFbkAlarm
FB AlarmHandling,LLoccBoxAlarm
FB AlarmHandling,LETAFuseAlarm
FB AlarmHandling,L1SafetyCh1Alarm
FB AlarmHandling,L1AlarmDly
FB AlarmHandling,L2Alarm
FB AlarmHandling,L5Alarm
FB AlarmHandling,L10Alarm
FB AlarmHandling,LETAFuseCPC20PN
Sub,LETAFuseCPC20PNSub
FB Communication,LDP/PNCouplerDiag
FB Communication,LPNIODiagIPS7-1500
FB Communication,LPNIODiagMACS7-1500
FB Communication,LPNIODiagNameS7-1500
FB Communication,LPNIODiagReadIPS7-1500
FB Communication,LPNIODiagS7-1500
FB Communication,LVDComSubSystemS7-1500
FB Communication,LComAlarm
FB Communication,LPNIODiagHMIS7-1500
FB Communication,LPhoneAlarmReqString
FB Communication,LVDComMasterS7-1500
FB Communication,LDP/PNCouplerCheck
FB DataHandling,LMDBToDB
FB DataHandling,LDBCheck
FB Control,LGeneralFunc
FB Control,LProductionMode
FB Control,LSystemVarS7-1500
FB Control,LMode
FB Control,LModeSelectorHW
FB Control,LModeSummary
FB Control,LModeSelector
FB Failsafe,LPassivate
FB Failsafe,LSafetyCheck
FB Supervision,LActiveShift
FB Supervision,LCounter1Week
FB Tooling,LMovFnc2Pos2S
FB Tooling,LMovFnc2Pos
FB Tooling,LMovFnc3Pos
FB Tooling,LMovFnc3Pos2S
FB_Process,LProcProdMode
FB_Process,LProc1AlarmMultiIn
FB_Process,LAnInput2Lim
FB_Process,LProcAnInput6Lim
FB_Process,LProcObjectMode
FB_Process,LProcBleedOff
FB_Process,LProcBurner
FB_Process,LProcDanfoss
FB_Process,LProcDiffAI
FB_Process,LProcDO_Fbk
FB_Process,LProcDO_NoFbk
FB_Process,LProcEntalphie
FB_Process,LProcMasterSlave
FB_Process,LProcModeSelector
FB_Process,LProcModesSum
FB_Process,LProcAcofDet
FB_Process,LProcMonStabValv
FB_Process,LProcSel5SPResFreq
FB_Process,LProcMot1W1S-FC
FB_Process,LProcMot1W-FCByp
FB_Process,LProcSel5SP
FB_Process,LProcMot5S-FCByp
FB_Process,LProcMotor1W1S-C
FB_Process,LProcMotor1W1S-S
FB_Process,LProcMotor2W1S-C
FB_Process,LProcPid
FB_Process,LProcMotPidFCByp
FB_Process,LProcTimStrtStop
FB_Process,LProcValv2Pos
FB_Process,LProcVlv5PAO
FB_Process,LProcVlv5PNoFbk
FB_Process,LProcVlv5PosFbk
FB_Process,LProcVlvPidAO
FB_Process,LProcVlvPidFbk
FB_Process,LProcVlvPidNoFbk
FB_Process,LAnInput6Lim
FB_Process,LProcGeneralFunc
FB_Process,LProcPAC-Conversion
FB_Process,LProcPAC-Driver
FB_Process,LProcPAC-Visu
FB_Process,LProcPAC
FB Actuator,LGBSEW-MoviFitFCPN
FB Actuator,LGBMotor2W2S-MoviFitFCPN
FB Actuator,LGBSEW-MDXPN-3PD
FB Actuator,LGBMotor2W2S-MDXPN-3PD
FB Actuator,LGBSEW-MDXPN-6PD
FB Actuator,LGBMotor2W2S-MDXPN-6PD-DFS22B
FB Actuator,LGBDanfoss-FC302PN
FB Actuator,LGBMotor2W2S-C
FB Actuator,LGBMotor2W2S-FC302PN
FB Actuator,LGBMotor2W2S-MoviFitFCPN-S12B
FB Actuator,LGBSEW-MoviProPN
FB Actuator,LGBMotorEPos-MoviProPN
FB Actuator,LGBMotor1W1S-C
FB Actuator,LGBMotor2W1S-C
FB Actuator,LGBMotor2W2S-MDXPN-3PD-DFS22B
FB Actuator,LGBMotor2W2S-MDXPN-6PD
FB Actuator,LGBMotor1W2S-C
FB Actuator,LGBSEW-MDXPN-Torque-3PD
FB Actuator,LGBMotorTorque-MDXPN-3PD
FB AlarmHandling,LGBBeltControl
FB Control,LGBProdStartStop
FB Control,LGBAndonHCall
FB Control,LGBProdSpeed
FB Control,LGBLineFeed
FB Control,LGBBodyCounter
FB Control,LGBHandHeldHBA
FB Control,LGBFlowCodeShift
FB Control,LGBKP400
FB Control,LGBBodyStopper
FB Control,LGBBodyPitch
FB Control,LGBCalcInc
FB Control,LGBHooter
FB Control,LGBJoyStick
FB Control,LGBBitShift
FB Control,LGBInfeedOutfeed
FB Control,LGBProcessLighting
FB Control,LGBCrossConvStopHighSpeed
FB Control,LGBCrossConvManFnc
Sub,LGBLineFeedSub
Sub,LGBBodyStopperSub
Control,LGBHWPanelLedIndication
Control,LGBModelCode_Type2
Control,LGBDwordTo16Char
Control,LGB10CharToDInt
Animation,LGBRollerIAnim
Animation,LGBMotorIAnim
Animation,LGBJoyStickIAnim
Animation,LGBLiftTableIAnim
Animation,LGBHoist5PosIAnim
Animation,LGBCrossConvIAnim
Control,LGBLineFeed-Config
Control,LGBProdStartStop-Config
Control,LGBProdSpeed-Config
Control,LGBHandHeldHBA-Config
Control,LGBJoyStick-Config
Control,LGBBitShift-Config
Control,LGBProcessLighting-Config
MovUnit,LGBMovUnit2Pos2W2S-MoviFitFCPN-Config
MovUnit,LGBMovUnit4Pos-MoviProPN-Config
MovUnit,LGBMovUnit2Pos1W1S2Det-C-Config
MovUnit,LGBMovUnit2Pos2W1S2Det-C-Config
MovUnit,LGBMovUnit2Pos2W1S4Det-MoviFitFCPN-Config
MovUnit,LGBMovUnit2Pos2W1S4Det-C-Config
Transport,LGBRoller2W2S-MoviFitFCPN-Config
Transport,LGBRoller2W2S-MDXPN-6PD-DFS22B-Config
Transport,LGBLineConvBrake-MDXPN-DFS22B-Config
Transport,LGBChain2W1S-MoviFitFCPN-Config
Transport,LGBHoist2Pos2S-FC302PN-Config
Transport,LGBHoist2Pos2S-C-Config
Transport,LGBLiftTable2Pos1S3Det-MoviFitFCPN-Config
Transport,LGBRoller2W2S-MoviFitFCPN-S12B-Config
Transport,LGBLiftTable3Pos1S4Det-MoviFitFCPN-Config
Transport,LGBChain2W1S-C-Config
Transport,LGBExtCross2W2S-MoviFitFCPN-Config
Transport,LGBExtRol2W1S-C-Config
Transport,LGBExtRol2W2S-MoviFitFCPN-Config
Transport,LGBRoller1W1S-C-Config
Transport,LGBRoller2W1S-C-Config
Transport,LGBRoller2W2S-C-Config
Transport,LGBRoller2W2S-MDXPN-3PD-DFS22B-Config
Transport,LGBLineConv-MDXPN-Config
Transport,LGBRoller2W2S-MDXPN-3PD-Config
Transport,LGBRoller2W2S-MDXPN-6PD-Config
Transport,LGBLineConvBrake-MDXPN-Config
Transport,LGBLiftTable2Pos1S3Det-C-Config
Transport,LGBLiftTable3Pos1S4Det-C-Config
Transport,LGBRoller1W2S-C-Config
Transport,LGBLineConv-MDXPN-DFS22B-Config
Transport,LGBChain2W1S-FC302PN-Config
Transport,LGBExtRol1W1S-C-Config
Transport,LGBRollerMagCpl1W1S-C-Config
Transport,LGBLineConv-FC302PN-Config
Transport,LGBLiftTableEcc2Pos1S2Det-C-Config
Transport,LGBHoist5Pos-MoviProPN-Config
Transport,LGBShuttle5Pos2S-MoviFitFCPN-Config
Transport,LGBTurnTable2W2S-MoviFitFCPN-Config
Transport,LGBRollerMagCpl1W2S-C-Config
Transport,LGBRoller2W2S-FC302PN-Config
Tooling,LGBBuhlLock-Config
DataHandling,LGBShiftRegLine-Config
Data,LGBRdWrRecipe
Data,LGBValveStatusSub
Data,LGBValveStatus
Data,LGBRdWrPipe
Function,LGBCalcRampMoviFit
Function,LGBCalcRampMoviDrive
Function,LGBCalcOvertimeMoviPro
Function,LGBCalcOvertimeMoviFit
FB DataHandling,LGBShiftRegLine
FB DataHandling,LGBShiftRegConv
FB DataHandling,LGBRdWrData
FB DataHandling,LGBCheckPipes
FB DataHandling,LGBShiftRegConvTM
VIDS,LGBVIDSChangeVEMData
Sub,LGBShiftRegLineSub
FB Function,LGBHMIResetStartNoSafety
FB Function,LGBHMILed
FB Function,LGBStackLight
FB Function,LGBProdInfo
FB Function,LGBColourGroup
FB Function,LGBDiagDet
FB Function,LGBSoftDet
FB Function,LGBPassage
FB Function,LGBUps-PhoenixContact
FB MovUnit,LGBMovUnit2Pos2W2S-MoviFitFCPN
FB MovUnit,LGBMovUnit2Pos1W1S2Det-C
FB MovUnit,LGBMovUnit2Pos2W1S2Det-C
FB MovUnit,LGBMovUnit2Pos2W1S4Det-C
FB MovUnit,LGBMovUnit4Pos-MoviProPN
FB MovUnit,LGBMovUnit2Pos2W1S4Det-MoviFitFCPN
FB Safety,LGBGateLock-MGB-Maint
FB Safety,LGBLightCurtain
FB Safety,LGBDeathmansSwitch
FB Safety,LGBGateMaint
FB Tooling,LGBAlbanyRollerDoorIO
FB Tooling,LGBBuhlLock
FB Tooling,LGBSickDL100
FB Tooling,LGBRollerDoorIO
FB Transport,LGBTrfIn
FB Transport,LGBTrfOut
FB Transport,LGBChainTrfIn
FB Transport,LGBRoller2W2S-MDXPN-6PD-DFS22B
FB Transport,LGBRoller2W2S-MoviFitFCPN
FB Transport,LGBChain2W1S-MoviFitFCPN
FB Transport,LGBChain2W1S-FC302PN
FB Transport,LGBHoist2Pos2S-FC302PN
FB Transport,LGBRoller2W2S-C
FB Transport,LGBHoist2Pos2S-C
FB Transport,LGBLiftTable2Pos1S3Det-MoviFitFCPN
FB Transport,LGBRoller2W2S-MoviFitFCPN-S12B
FB Transport,LGBLiftTable3Pos1S4Det-MoviFitFCPN
FB Transport,LGBChain2W1S-C
FB Transport,LGBExtCross2W2S-MoviFitFCPN
FB Transport,LGBExtRol2W1S-C
FB Transport,LGBExtRol2W2S-MoviFitFCPN
FB Transport,LGBRoller1W1S-C
FB Transport,LGBRoller2W1S-C
FB Transport,LGBRoller2W2S-MDXPN-3PD-DFS22B
FB Transport,LGBRoller2W2S-MDXPN-3PD
FB Transport,LGBLineConvBrake-MDXPN
FB Transport,LGBRoller2W2S-MDXPN-6PD
FB Transport,LGBLineConv-MDXPN
FB Transport,LGBRoller1W2S-C
FB Transport,LGBLiftTable2Pos1S3Det-C
FB Transport,LGBLiftTable3Pos1S4Det-C
FB Transport,LGBLineConv-MDXPN-DFS22B
FB Transport,LGBExtRol1W1S-C
FB Transport,LGBRollerMagCpl1W1S-C
FB Transport,LGBLineConv-FC302PN
FB Transport,LGBLiftTableEcc2Pos1S2Det-C
FB Transport,LGBHoist5Pos-MoviProPN
FB Transport,LGBShuttle5Pos2S-MoviFitFCPN
FB Transport,LGBTurnTable2W2S-MoviFitFCPN
FB Transport,LGBTrfOutRel
FB Transport,LGBRollerMagCpl1W2S-C
FB Transport,LGBRoller2W2S-FC302PN
FB Transport,LGBLineConvBrake-MDXPN-DFS22B
FB Supervision,LGBCRClockStartStop
FB Supervision,LGBCRComm
FB DataHandling,LCycleMonitoring
VIDS,LVIDSMaster
VIDS,LVIDSRFID
VIDS,LVIDSTrack
VIDS,LVIDSQualityRequest
VIDS,LVIDSDeCouple
FB Function,LAndonReqVCG
Function,LAndonConfigVCG
FC DataHandling,LSubZoneStatus
209220ZS01,209220ZS01
209220ZS01,209220ZS01AEAK
209220ZS01,209220ZS01Passiv
209220ZS01,209220ZS01PNIODiag
209220ZS01,209220ZS01AS
209220ZS01,209220ZS01Safety
209220ZM01,209220ZM01
209220ZM01,209220ZMS011Modes
209220ZM01,209220ZMS012Modes
209220ZM01,209220ZMS013Modes
209220ZM01,209220ZM01Config
209220ZM01,209220ZM01DataHandling
209220ZM01,209220ZM01Orders
209220ZM01,209220ZM01Andon
Sequences,209220NCB01TagSequence
Sequences,209220NCB02TagSequence
Sequences,209220NCB01TagSeq
Sequences,209220NCB02TagSeq
209210ZS01,209210ZS01
209210ZS01,209210ZS01AEAK
209210ZS01,209210ZS01Passiv
209210ZS01,209210ZS01PNIODiag
209210ZS01,209210ZS01Safety
209210ZS01,209210ZS01AS
209210ZM01,209210ZM01
209210ZM01,209210ZMS011Modes
209210ZM01,209210ZMS012Modes
209210ZM01,209210ZMS013Modes
209210ZM01,209210ZM01Config
209210ZM01,209210ZM01DataHandling
209210ZM01,209210ZM01Andon
209210ZM01,209210ZM01Orders
Sequences,209210NCB01TagSequence
Sequences,209210NCB02TagSequence
Sequences,209210NCB01TagSeq
Sequences,209210NCB02TagSeq
209230ZS01,209230ZS01
209230ZS01,209230ZS01AEAK
209230ZS01,209230ZS01Passiv
209230ZS01,209230ZS01PNIODiag
209230ZS01,209230ZS01Safety
209230ZS01,209230ZS01AS
209230ZM01,209230ZM01Modes
209230ZM01,209230ZM01Config
209230ZM01,209230ZM01DataHandling
209230ZM01,209230ZM01
209230ZM01,209230ZM01Orders
Sequences,209230NCB01TagSequence
Sequences,209230NCB01TagSeq
PLC General,209000NCP01PNIODiagList
PLC General,DiagPLCOverview
PLC General,209000NCP01Passiv
PLC General,209000NCP01PNIODiag
PLC General,209000NCP01Safety
PLC General,209000NCP01ComVD
PLC General,209000NCP01Alarm
PLC General,209000NCP01ComSafety
PLC General,209000NCP01Config
PLC General,PNComPLC308
PLC General,209000NCP01AS
PLC General,DPComPLC212
Cabinets,209000NCP01AK
Cabinets,209000NCP01AE
Enable Alarms,209000NCP01EnableAlarms
